image (1).png;1
image (10).png;1
image (11).png;1
image (12).png;1
image (13).png;1
image (14).png;1
image (15).png;1
image (16).png;1
image (17).png;1
image (2).png;1
image (3).png;1
image (4).png;1
image (5).png;1
image (6).png;1
image (7).png;1
image (8).png;1
image (9).png;1
image1(1).png;1
image1(10).png;0
image1(100).png;1
image1(1000).png;1
image1(1001).png;0
image1(1002).png;1
image1(1003).png;1
image1(1004).png;1
image1(1005).png;1
image1(1006).png;1
image1(1007).png;1
image1(1008).png;1
image1(1009).png;0
image1(101).png;1
image1(1010).png;1
image1(1011).png;1
image1(1012).png;0
image1(1013).png;1
image1(1014).png;0
image1(1015).png;1
image1(1016).png;1
image1(1017).png;1
image1(1018).png;1
image1(1019).png;1
image1(102).png;1
image1(1020).png;1
image1(1021).png;1
image1(1022).png;1
image1(1023).png;1
image1(1024).png;1
image1(1025).png;0
image1(1026).png;0
image1(1027).png;0
image1(1028).png;1
image1(1029).png;1
image1(103).png;1
image1(1030).png;0
image1(1031).png;1
image1(1032).png;1
image1(1033).png;1
image1(1034).png;1
image1(1035).png;1
image1(1036).png;1
image1(1037).png;1
image1(1038).png;1
image1(1039).png;1
image1(104).png;1
image1(1040).png;1
image1(1041).png;0
image1(1042).png;1
image1(1043).png;1
image1(1044).png;0
image1(1045).png;0
image1(1046).png;0
image1(1047).png;1
image1(1048).png;0
image1(1049).png;0
image1(105).png;1
image1(1050).png;0
image1(1051).png;1
image1(1052).png;1
image1(1053).png;1
image1(1054).png;1
image1(1055).png;1
image1(1056).png;1
image1(1057).png;0
image1(1058).png;1
image1(1059).png;1
image1(106).png;1
image1(1060).png;1
image1(1061).png;1
image1(1062).png;1
image1(1063).png;1
image1(1064).png;1
image1(1065).png;0
image1(1066).png;1
image1(1067).png;0
image1(1068).png;1
image1(1069).png;0
image1(107).png;1
image1(1070).png;0
image1(1071).png;0
image1(1072).png;0
image1(1073).png;0
image1(1074).png;0
image1(1075).png;0
image1(1076).png;0
image1(1077).png;0
image1(1078).png;1
image1(1079).png;1
image1(108).png;1
image1(1080).png;1
image1(1081).png;1
image1(1082).png;0
image1(1083).png;0
image1(1084).png;1
image1(1085).png;1
image1(1086).png;1
image1(1087).png;1
image1(1088).png;0
image1(1089).png;1
image1(109).png;0
image1(1090).png;1
image1(1091).png;0
image1(1092).png;1
image1(1093).png;1
image1(1094).png;0
image1(1095).png;1
image1(1096).png;0
image1(1097).png;0
image1(1098).png;0
image1(1099).png;0
image1(11).png;0
image1(110).png;0
image1(1100).png;0
image1(1101).png;1
image1(1102).png;1
image1(1103).png;1
image1(1104).png;0
image1(1105).png;0
image1(1106).png;1
image1(1107).png;1
image1(1108).png;1
image1(1109).png;1
image1(111).png;0
image1(1110).png;1
image1(1111).png;1
image1(1112).png;1
image1(1113).png;0
image1(1114).png;0
image1(1115).png;1
image1(1116).png;1
image1(1117).png;1
image1(1118).png;1
image1(1119).png;1
image1(112).png;0
image1(1120).png;1
image1(1121).png;1
image1(1122).png;0
image1(1123).png;0
image1(1124).png;1
image1(1125).png;1
image1(1126).png;1
image1(1127).png;1
image1(1128).png;1
image1(1129).png;1
image1(113).png;0
image1(1130).png;1
image1(1131).png;0
image1(1132).png;0
image1(1133).png;1
image1(1134).png;0
image1(1135).png;1
image1(1136).png;1
image1(1137).png;1
image1(1138).png;1
image1(1139).png;1
image1(114).png;0
image1(1140).png;1
image1(1141).png;1
image1(1142).png;0
image1(1143).png;1
image1(1144).png;1
image1(1145).png;1
image1(1146).png;1
image1(1147).png;1
image1(1148).png;0
image1(1149).png;1
image1(115).png;0
image1(1150).png;1
image1(1151).png;1
image1(1152).png;0
image1(1153).png;1
image1(1154).png;1
image1(1155).png;0
image1(1156).png;0
image1(1157).png;0
image1(1158).png;0
image1(1159).png;0
image1(116).png;0
image1(1160).png;0
image1(1161).png;0
image1(1162).png;0
image1(1163).png;0
image1(1164).png;0
image1(1165).png;0
image1(1166).png;0
image1(1167).png;0
image1(1168).png;0
image1(1169).png;1
image1(117).png;0
image1(1170).png;1
image1(1171).png;0
image1(1172).png;0
image1(1173).png;0
image1(1174).png;0
image1(1175).png;0
image1(1176).png;0
image1(1177).png;0
image1(1178).png;0
image1(1179).png;0
image1(118).png;0
image1(1180).png;0
image1(1181).png;0
image1(1182).png;0
image1(1183).png;0
image1(1184).png;0
image1(1185).png;0
image1(1186).png;0
image1(1187).png;0
image1(1188).png;0
image1(1189).png;0
image1(119).png;0
image1(1190).png;0
image1(1191).png;0
image1(1192).png;0
image1(1193).png;0
image1(1194).png;0
image1(1195).png;0
image1(1196).png;0
image1(1197).png;0
image1(1198).png;0
image1(1199).png;0
image1(12).png;1
image1(120).png;0
image1(1200).png;0
image1(1201).png;0
image1(1202).png;0
image1(1203).png;0
image1(1204).png;0
image1(1205).png;0
image1(1206).png;0
image1(1207).png;0
image1(1208).png;0
image1(1209).png;0
image1(121).png;0
image1(1210).png;0
image1(1211).png;0
image1(1212).png;0
image1(1213).png;0
image1(1214).png;0
image1(1215).png;0
image1(1216).png;0
image1(1217).png;0
image1(1218).png;0
image1(1219).png;0
image1(122).png;0
image1(1220).png;0
image1(1221).png;0
image1(1222).png;0
image1(1223).png;0
image1(1224).png;0
image1(1225).png;0
image1(1226).png;0
image1(1227).png;0
image1(1228).png;0
image1(1229).png;0
image1(123).png;0
image1(1230).png;0
image1(1231).png;0
image1(1232).png;0
image1(1233).png;0
image1(1234).png;0
image1(1235).png;0
image1(1236).png;0
image1(1237).png;0
image1(1238).png;0
image1(1239).png;0
image1(124).png;0
image1(1240).png;0
image1(1241).png;0
image1(1242).png;1
image1(1243).png;1
image1(1244).png;1
image1(1245).png;1
image1(1246).png;1
image1(1247).png;0
image1(1248).png;0
image1(1249).png;1
image1(125).png;0
image1(1250).png;0
image1(1251).png;0
image1(1252).png;0
image1(1253).png;0
image1(1254).png;0
image1(1255).png;0
image1(1256).png;0
image1(1257).png;0
image1(1258).png;0
image1(1259).png;0
image1(126).png;1
image1(1260).png;0
image1(1261).png;0
image1(1262).png;0
image1(1263).png;0
image1(1264).png;0
image1(1265).png;0
image1(1266).png;0
image1(1267).png;0
image1(1268).png;0
image1(1269).png;0
image1(127).png;0
image1(1270).png;0
image1(1271).png;0
image1(1272).png;0
image1(1273).png;0
image1(1274).png;0
image1(1275).png;0
image1(1276).png;0
image1(1277).png;0
image1(1278).png;0
image1(1279).png;0
image1(128).png;0
image1(1280).png;0
image1(1281).png;0
image1(1282).png;0
image1(1283).png;0
image1(1284).png;0
image1(1285).png;0
image1(1286).png;0
image1(1287).png;0
image1(1288).png;0
image1(1289).png;1
image1(129).png;0
image1(1290).png;1
image1(1291).png;0
image1(1292).png;0
image1(1293).png;0
image1(1294).png;0
image1(1295).png;0
image1(1296).png;0
image1(1297).png;0
image1(1298).png;0
image1(1299).png;0
image1(13).png;0
image1(130).png;1
image1(1300).png;0
image1(1301).png;0
image1(1302).png;0
image1(1303).png;0
image1(1304).png;0
image1(1305).png;0
image1(1306).png;0
image1(1307).png;0
image1(1308).png;0
image1(1309).png;0
image1(131).png;1
image1(1310).png;0
image1(1311).png;0
image1(1312).png;0
image1(1313).png;0
image1(1314).png;0
image1(1315).png;0
image1(1316).png;0
image1(1317).png;0
image1(1318).png;0
image1(1319).png;0
image1(132).png;1
image1(1320).png;0
image1(1321).png;0
image1(1322).png;0
image1(1323).png;0
image1(1324).png;0
image1(1325).png;0
image1(1326).png;0
image1(1327).png;0
image1(1328).png;0
image1(1329).png;0
image1(133).png;1
image1(1330).png;0
image1(1331).png;0
image1(1332).png;0
image1(1333).png;0
image1(1334).png;1
image1(1335).png;0
image1(1336).png;0
image1(1337).png;0
image1(1338).png;0
image1(1339).png;0
image1(134).png;0
image1(1340).png;0
image1(1341).png;0
image1(1342).png;0
image1(1343).png;0
image1(1344).png;0
image1(1345).png;0
image1(1346).png;0
image1(1347).png;0
image1(1348).png;0
image1(1349).png;0
image1(135).png;0
image1(1350).png;0
image1(1351).png;0
image1(1352).png;0
image1(1353).png;0
image1(1354).png;0
image1(1355).png;0
image1(1356).png;0
image1(1357).png;0
image1(1358).png;1
image1(1359).png;0
image1(136).png;0
image1(1360).png;0
image1(1361).png;0
image1(1362).png;1
image1(1363).png;0
image1(1364).png;0
image1(1365).png;0
image1(1366).png;1
image1(1367).png;0
image1(1368).png;0
image1(1369).png;0
image1(137).png;0
image1(1370).png;0
image1(1371).png;0
image1(1372).png;0
image1(1373).png;0
image1(1374).png;0
image1(1375).png;0
image1(1376).png;0
image1(1377).png;0
image1(1378).png;0
image1(1379).png;0
image1(138).png;0
image1(1380).png;0
image1(1381).png;0
image1(1382).png;0
image1(1383).png;0
image1(1384).png;0
image1(1385).png;0
image1(1386).png;0
image1(1387).png;0
image1(1388).png;0
image1(1389).png;0
image1(139).png;0
image1(1390).png;0
image1(1391).png;0
image1(1392).png;0
image1(1393).png;0
image1(1394).png;1
image1(1395).png;1
image1(1396).png;1
image1(1397).png;0
image1(1398).png;0
image1(1399).png;0
image1(14).png;0
image1(140).png;0
image1(1400).png;0
image1(1401).png;0
image1(1402).png;0
image1(1403).png;0
image1(1404).png;0
image1(1405).png;0
image1(1406).png;0
image1(1407).png;0
image1(1408).png;0
image1(1409).png;0
image1(141).png;0
image1(1410).png;0
image1(1411).png;0
image1(1412).png;0
image1(1413).png;0
image1(1414).png;0
image1(1415).png;1
image1(1416).png;1
image1(1417).png;1
image1(1418).png;0
image1(1419).png;0
image1(142).png;0
image1(1420).png;0
image1(1421).png;0
image1(1422).png;0
image1(1423).png;0
image1(1424).png;0
image1(1425).png;0
image1(1426).png;0
image1(1427).png;0
image1(1428).png;0
image1(1429).png;1
image1(143).png;0
image1(1430).png;1
image1(1431).png;1
image1(1432).png;1
image1(1433).png;0
image1(1434).png;0
image1(1435).png;0
image1(1436).png;0
image1(1437).png;0
image1(1438).png;0
image1(1439).png;0
image1(144).png;0
image1(1440).png;0
image1(1441).png;0
image1(1442).png;0
image1(1443).png;0
image1(1444).png;0
image1(1445).png;0
image1(1446).png;0
image1(1447).png;0
image1(1448).png;0
image1(1449).png;0
image1(145).png;1
image1(1450).png;0
image1(1451).png;0
image1(1452).png;0
image1(1453).png;1
image1(1454).png;1
image1(1455).png;0
image1(1456).png;1
image1(1457).png;0
image1(1458).png;0
image1(1459).png;0
image1(146).png;1
image1(1460).png;1
image1(1461).png;0
image1(1462).png;0
image1(1463).png;0
image1(1464).png;0
image1(1465).png;0
image1(1466).png;0
image1(1467).png;0
image1(1468).png;0
image1(1469).png;0
image1(147).png;1
image1(1470).png;0
image1(1471).png;0
image1(1472).png;0
image1(1473).png;0
image1(1474).png;0
image1(1475).png;0
image1(1476).png;0
image1(1477).png;0
image1(1478).png;0
image1(1479).png;0
image1(148).png;0
image1(1480).png;0
image1(1481).png;0
image1(1482).png;0
image1(1483).png;0
image1(1484).png;0
image1(1485).png;0
image1(1486).png;0
image1(1487).png;0
image1(1488).png;0
image1(1489).png;0
image1(149).png;0
image1(1490).png;0
image1(1491).png;0
image1(1492).png;0
image1(1493).png;0
image1(1494).png;0
image1(1495).png;0
image1(1496).png;0
image1(1497).png;0
image1(1498).png;0
image1(1499).png;0
image1(15).png;0
image1(150).png;0
image1(1500).png;1
image1(1501).png;0
image1(1502).png;0
image1(1503).png;0
image1(1504).png;0
image1(1505).png;0
image1(1506).png;0
image1(1507).png;0
image1(1508).png;0
image1(1509).png;0
image1(151).png;0
image1(1510).png;0
image1(1511).png;0
image1(1512).png;0
image1(1513).png;0
image1(1514).png;0
image1(1515).png;0
image1(1516).png;0
image1(1517).png;0
image1(1518).png;0
image1(1519).png;0
image1(152).png;0
image1(1520).png;0
image1(1521).png;0
image1(1522).png;0
image1(1523).png;0
image1(1524).png;0
image1(1525).png;0
image1(1526).png;0
image1(1527).png;0
image1(1528).png;0
image1(1529).png;0
image1(153).png;0
image1(1530).png;0
image1(1531).png;0
image1(1532).png;0
image1(1533).png;0
image1(1534).png;0
image1(1535).png;0
image1(1536).png;0
image1(1537).png;0
image1(1538).png;0
image1(1539).png;0
image1(154).png;0
image1(1540).png;0
image1(1541).png;0
image1(1542).png;0
image1(1543).png;0
image1(1544).png;0
image1(1545).png;0
image1(1546).png;0
image1(1547).png;0
image1(1548).png;0
image1(1549).png;0
image1(155).png;0
image1(1550).png;0
image1(1551).png;0
image1(1552).png;0
image1(1553).png;0
image1(1554).png;0
image1(1555).png;0
image1(1556).png;0
image1(1557).png;0
image1(1558).png;0
image1(1559).png;0
image1(156).png;1
image1(1560).png;0
image1(1561).png;0
image1(1562).png;0
image1(1563).png;0
image1(1564).png;0
image1(1565).png;0
image1(1566).png;0
image1(1567).png;0
image1(1568).png;0
image1(1569).png;0
image1(157).png;0
image1(1570).png;0
image1(1571).png;0
image1(1572).png;0
image1(1573).png;0
image1(1574).png;0
image1(1575).png;0
image1(1576).png;0
image1(1577).png;0
image1(1578).png;0
image1(1579).png;0
image1(158).png;0
image1(1580).png;0
image1(1581).png;0
image1(1582).png;0
image1(1583).png;0
image1(1584).png;0
image1(1585).png;0
image1(1586).png;0
image1(1587).png;0
image1(1588).png;0
image1(1589).png;0
image1(159).png;0
image1(1590).png;0
image1(1591).png;0
image1(1592).png;0
image1(1593).png;0
image1(1594).png;0
image1(1595).png;0
image1(1596).png;0
image1(1597).png;0
image1(1598).png;0
image1(1599).png;0
image1(16).png;0
image1(160).png;0
image1(1600).png;0
image1(1601).png;0
image1(1602).png;0
image1(1603).png;0
image1(1604).png;0
image1(1605).png;0
image1(1606).png;0
image1(1607).png;0
image1(1608).png;0
image1(1609).png;0
image1(161).png;0
image1(1610).png;0
image1(1611).png;0
image1(1612).png;0
image1(1613).png;0
image1(1614).png;0
image1(1615).png;0
image1(1616).png;0
image1(1617).png;0
image1(1618).png;0
image1(1619).png;0
image1(162).png;0
image1(1620).png;0
image1(1621).png;0
image1(1622).png;0
image1(1623).png;0
image1(1624).png;0
image1(1625).png;0
image1(1626).png;0
image1(1627).png;0
image1(1628).png;0
image1(1629).png;0
image1(163).png;0
image1(1630).png;0
image1(1631).png;0
image1(1632).png;0
image1(1633).png;0
image1(1634).png;0
image1(1635).png;0
image1(1636).png;0
image1(1637).png;0
image1(1638).png;0
image1(1639).png;0
image1(164).png;1
image1(1640).png;0
image1(1641).png;0
image1(1642).png;0
image1(1643).png;0
image1(1644).png;0
image1(1645).png;0
image1(1646).png;0
image1(1647).png;0
image1(1648).png;0
image1(1649).png;0
image1(165).png;1
image1(1650).png;0
image1(1651).png;0
image1(1652).png;0
image1(1653).png;0
image1(1654).png;0
image1(1655).png;0
image1(1656).png;0
image1(1657).png;0
image1(1658).png;0
image1(1659).png;0
image1(166).png;0
image1(1660).png;0
image1(1661).png;0
image1(1662).png;0
image1(1663).png;0
image1(1664).png;0
image1(1665).png;0
image1(1666).png;0
image1(1667).png;1
image1(1668).png;1
image1(1669).png;1
image1(167).png;0
image1(1670).png;1
image1(1671).png;1
image1(1672).png;1
image1(1673).png;1
image1(1674).png;1
image1(1675).png;1
image1(1676).png;0
image1(1677).png;0
image1(1678).png;0
image1(1679).png;1
image1(168).png;0
image1(1680).png;0
image1(1681).png;0
image1(1682).png;0
image1(1683).png;0
image1(1684).png;0
image1(1685).png;0
image1(1686).png;0
image1(1687).png;0
image1(1688).png;0
image1(1689).png;0
image1(169).png;0
image1(1690).png;0
image1(1691).png;0
image1(1692).png;0
image1(1693).png;0
image1(1694).png;0
image1(1695).png;0
image1(1696).png;0
image1(1697).png;0
image1(1698).png;0
image1(1699).png;0
image1(17).png;0
image1(170).png;1
image1(1700).png;0
image1(1701).png;0
image1(1702).png;0
image1(1703).png;0
image1(1704).png;0
image1(1705).png;0
image1(1706).png;0
image1(1707).png;0
image1(1708).png;0
image1(1709).png;0
image1(171).png;1
image1(1710).png;1
image1(1711).png;1
image1(1712).png;0
image1(1713).png;0
image1(1714).png;0
image1(1715).png;0
image1(1716).png;0
image1(1717).png;0
image1(1718).png;0
image1(1719).png;0
image1(172).png;1
image1(1720).png;0
image1(1721).png;0
image1(1722).png;0
image1(1723).png;0
image1(1724).png;0
image1(1725).png;0
image1(1726).png;0
image1(1727).png;0
image1(1728).png;0
image1(1729).png;0
image1(173).png;1
image1(1730).png;0
image1(1731).png;0
image1(1732).png;0
image1(1733).png;0
image1(1734).png;0
image1(1735).png;0
image1(1736).png;0
image1(1737).png;0
image1(1738).png;0
image1(1739).png;0
image1(174).png;0
image1(1740).png;0
image1(1741).png;0
image1(1742).png;0
image1(1743).png;0
image1(1744).png;0
image1(1745).png;0
image1(1746).png;0
image1(1747).png;0
image1(1748).png;0
image1(1749).png;0
image1(175).png;0
image1(1750).png;0
image1(1751).png;0
image1(1752).png;0
image1(1753).png;0
image1(1754).png;0
image1(1755).png;0
image1(1756).png;0
image1(1757).png;0
image1(1758).png;0
image1(1759).png;0
image1(176).png;0
image1(1760).png;0
image1(1761).png;0
image1(1762).png;0
image1(1763).png;0
image1(1764).png;0
image1(1765).png;0
image1(1766).png;0
image1(1767).png;0
image1(1768).png;1
image1(1769).png;0
image1(177).png;1
image1(1770).png;0
image1(1771).png;0
image1(1772).png;0
image1(1773).png;0
image1(1774).png;0
image1(1775).png;0
image1(1776).png;0
image1(1777).png;0
image1(1778).png;0
image1(1779).png;0
image1(178).png;1
image1(1780).png;0
image1(1781).png;0
image1(1782).png;0
image1(1783).png;0
image1(1784).png;0
image1(1785).png;0
image1(1786).png;0
image1(1787).png;0
image1(1788).png;0
image1(1789).png;0
image1(179).png;1
image1(1790).png;0
image1(1791).png;0
image1(1792).png;0
image1(1793).png;0
image1(1794).png;0
image1(1795).png;0
image1(1796).png;0
image1(1797).png;0
image1(1798).png;0
image1(1799).png;0
image1(18).png;0
image1(180).png;1
image1(1800).png;0
image1(1801).png;0
image1(1802).png;0
image1(1803).png;0
image1(1804).png;0
image1(1805).png;0
image1(1806).png;0
image1(1807).png;0
image1(1808).png;0
image1(1809).png;0
image1(181).png;1
image1(1810).png;0
image1(1811).png;0
image1(1812).png;0
image1(1813).png;0
image1(1814).png;0
image1(1815).png;0
image1(1816).png;0
image1(1817).png;0
image1(1818).png;0
image1(1819).png;0
image1(182).png;1
image1(1820).png;0
image1(1821).png;0
image1(1822).png;1
image1(1823).png;1
image1(1824).png;0
image1(1825).png;0
image1(1826).png;0
image1(1827).png;0
image1(1828).png;0
image1(1829).png;0
image1(183).png;1
image1(1830).png;0
image1(1831).png;0
image1(1832).png;0
image1(1833).png;0
image1(1834).png;0
image1(1835).png;1
image1(1836).png;1
image1(1837).png;1
image1(1838).png;0
image1(1839).png;0
image1(184).png;1
image1(1840).png;0
image1(1841).png;0
image1(1842).png;0
image1(1843).png;0
image1(1844).png;0
image1(1845).png;0
image1(1846).png;0
image1(1847).png;0
image1(1848).png;0
image1(1849).png;0
image1(185).png;1
image1(1850).png;0
image1(1851).png;0
image1(1852).png;0
image1(1853).png;0
image1(1854).png;0
image1(1855).png;0
image1(1856).png;0
image1(1857).png;0
image1(1858).png;0
image1(1859).png;0
image1(186).png;1
image1(1860).png;0
image1(1861).png;0
image1(1862).png;0
image1(1863).png;0
image1(1864).png;0
image1(1865).png;0
image1(1866).png;0
image1(1867).png;0
image1(1868).png;0
image1(1869).png;0
image1(187).png;1
image1(1870).png;0
image1(1871).png;0
image1(1872).png;0
image1(1873).png;0
image1(1874).png;0
image1(1875).png;0
image1(1876).png;0
image1(1877).png;0
image1(1878).png;0
image1(1879).png;0
image1(188).png;1
image1(1880).png;0
image1(1881).png;0
image1(1882).png;0
image1(1883).png;0
image1(1884).png;0
image1(1885).png;0
image1(1886).png;0
image1(1887).png;0
image1(1888).png;0
image1(1889).png;0
image1(189).png;1
image1(1890).png;0
image1(1891).png;0
image1(1892).png;0
image1(1893).png;0
image1(1894).png;0
image1(1895).png;0
image1(1896).png;0
image1(1897).png;0
image1(1898).png;0
image1(1899).png;0
image1(19).png;0
image1(190).png;1
image1(1900).png;0
image1(1901).png;0
image1(1902).png;0
image1(1903).png;0
image1(1904).png;0
image1(1905).png;0
image1(1906).png;0
image1(1907).png;0
image1(1908).png;0
image1(1909).png;0
image1(191).png;1
image1(1910).png;1
image1(1911).png;0
image1(1912).png;0
image1(1913).png;0
image1(1914).png;0
image1(1915).png;0
image1(1916).png;0
image1(1917).png;1
image1(1918).png;1
image1(1919).png;1
image1(192).png;1
image1(1920).png;0
image1(1921).png;1
image1(1922).png;0
image1(1923).png;0
image1(1924).png;1
image1(1925).png;1
image1(1926).png;0
image1(1927).png;0
image1(1928).png;0
image1(1929).png;0
image1(193).png;0
image1(1930).png;1
image1(1931).png;1
image1(1932).png;0
image1(1933).png;1
image1(1934).png;1
image1(1935).png;1
image1(1936).png;1
image1(1937).png;0
image1(1938).png;0
image1(1939).png;0
image1(194).png;1
image1(1940).png;0
image1(1941).png;0
image1(1942).png;1
image1(1943).png;0
image1(1944).png;0
image1(1945).png;0
image1(1946).png;0
image1(1947).png;0
image1(1948).png;0
image1(1949).png;0
image1(195).png;1
image1(1950).png;0
image1(1951).png;0
image1(1952).png;0
image1(1953).png;0
image1(1954).png;0
image1(1955).png;0
image1(1956).png;0
image1(1957).png;0
image1(1958).png;0
image1(1959).png;0
image1(196).png;1
image1(1960).png;0
image1(1961).png;0
image1(1962).png;0
image1(1963).png;0
image1(1964).png;0
image1(1965).png;0
image1(1966).png;0
image1(1967).png;0
image1(1968).png;0
image1(1969).png;0
image1(197).png;1
image1(1970).png;0
image1(1971).png;0
image1(1972).png;0
image1(1973).png;0
image1(1974).png;0
image1(1975).png;0
image1(1976).png;0
image1(1977).png;0
image1(1978).png;0
image1(1979).png;0
image1(198).png;1
image1(1980).png;1
image1(1981).png;1
image1(1982).png;1
image1(1983).png;1
image1(1984).png;0
image1(1985).png;1
image1(1986).png;1
image1(1987).png;0
image1(1988).png;0
image1(1989).png;0
image1(199).png;0
image1(1990).png;0
image1(1991).png;0
image1(1992).png;1
image1(1993).png;1
image1(1994).png;1
image1(1995).png;1
image1(1996).png;1
image1(1997).png;1
image1(1998).png;1
image1(1999).png;1
image1(2).png;0
image1(20).png;0
image1(200).png;0
image1(2000).png;1
image1(201).png;1
image1(202).png;1
image1(203).png;1
image1(204).png;1
image1(205).png;1
image1(206).png;0
image1(207).png;1
image1(208).png;1
image1(209).png;0
image1(21).png;0
image1(210).png;0
image1(211).png;0
image1(212).png;0
image1(213).png;0
image1(214).png;0
image1(215).png;0
image1(216).png;0
image1(217).png;0
image1(218).png;0
image1(219).png;0
image1(22).png;1
image1(220).png;0
image1(221).png;0
image1(222).png;0
image1(223).png;0
image1(224).png;0
image1(225).png;0
image1(226).png;0
image1(227).png;1
image1(228).png;1
image1(229).png;0
image1(23).png;0
image1(230).png;0
image1(231).png;0
image1(232).png;1
image1(233).png;0
image1(234).png;0
image1(235).png;0
image1(236).png;0
image1(237).png;0
image1(238).png;0
image1(239).png;0
image1(24).png;0
image1(240).png;0
image1(241).png;0
image1(242).png;0
image1(243).png;0
image1(244).png;0
image1(245).png;0
image1(246).png;0
image1(247).png;0
image1(248).png;0
image1(249).png;1
image1(25).png;0
image1(250).png;0
image1(251).png;0
image1(252).png;0
image1(253).png;0
image1(254).png;0
image1(255).png;0
image1(256).png;0
image1(257).png;1
image1(258).png;0
image1(259).png;0
image1(26).png;0
image1(260).png;0
image1(261).png;0
image1(262).png;0
image1(263).png;0
image1(264).png;0
image1(265).png;0
image1(266).png;1
image1(267).png;0
image1(268).png;0
image1(269).png;0
image1(27).png;0
image1(270).png;0
image1(271).png;0
image1(272).png;0
image1(273).png;0
image1(274).png;0
image1(275).png;0
image1(276).png;0
image1(277).png;1
image1(278).png;1
image1(279).png;0
image1(28).png;0
image1(280).png;0
image1(281).png;0
image1(282).png;0
image1(283).png;0
image1(284).png;0
image1(285).png;0
image1(286).png;0
image1(287).png;0
image1(288).png;0
image1(289).png;0
image1(29).png;0
image1(290).png;0
image1(291).png;0
image1(292).png;0
image1(293).png;0
image1(294).png;0
image1(295).png;0
image1(296).png;0
image1(297).png;0
image1(298).png;0
image1(299).png;0
image1(3).png;1
image1(30).png;0
image1(300).png;0
image1(301).png;0
image1(302).png;0
image1(303).png;0
image1(304).png;0
image1(305).png;0
image1(306).png;0
image1(307).png;0
image1(308).png;0
image1(309).png;0
image1(31).png;0
image1(310).png;0
image1(311).png;0
image1(312).png;0
image1(313).png;0
image1(314).png;0
image1(315).png;0
image1(316).png;0
image1(317).png;0
image1(318).png;0
image1(319).png;0
image1(32).png;0
image1(320).png;0
image1(321).png;0
image1(322).png;0
image1(323).png;0
image1(324).png;0
image1(325).png;0
image1(326).png;0
image1(327).png;0
image1(328).png;0
image1(329).png;0
image1(33).png;0
image1(330).png;0
image1(331).png;0
image1(332).png;0
image1(333).png;1
image1(334).png;0
image1(335).png;0
image1(336).png;0
image1(337).png;0
image1(338).png;0
image1(339).png;0
image1(34).png;0
image1(340).png;0
image1(341).png;0
image1(342).png;0
image1(343).png;0
image1(344).png;0
image1(345).png;0
image1(346).png;0
image1(347).png;1
image1(348).png;1
image1(349).png;0
image1(35).png;0
image1(350).png;0
image1(351).png;0
image1(352).png;0
image1(353).png;0
image1(354).png;0
image1(355).png;0
image1(356).png;0
image1(357).png;0
image1(358).png;0
image1(359).png;0
image1(36).png;0
image1(360).png;0
image1(361).png;0
image1(362).png;0
image1(363).png;0
image1(364).png;0
image1(365).png;1
image1(366).png;1
image1(367).png;0
image1(368).png;0
image1(369).png;0
image1(37).png;0
image1(370).png;0
image1(371).png;0
image1(372).png;0
image1(373).png;0
image1(374).png;0
image1(375).png;0
image1(376).png;1
image1(377).png;1
image1(378).png;1
image1(379).png;0
image1(38).png;0
image1(380).png;0
image1(381).png;0
image1(382).png;0
image1(383).png;0
image1(384).png;0
image1(385).png;0
image1(386).png;0
image1(387).png;0
image1(388).png;0
image1(389).png;0
image1(39).png;0
image1(390).png;0
image1(391).png;0
image1(392).png;0
image1(393).png;0
image1(394).png;0
image1(395).png;0
image1(396).png;1
image1(397).png;1
image1(398).png;0
image1(399).png;1
image1(4).png;0
image1(40).png;0
image1(400).png;1
image1(401).png;1
image1(402).png;1
image1(403).png;0
image1(404).png;0
image1(405).png;0
image1(406).png;0
image1(407).png;0
image1(408).png;1
image1(409).png;1
image1(41).png;0
image1(410).png;0
image1(411).png;0
image1(412).png;0
image1(413).png;0
image1(414).png;0
image1(415).png;0
image1(416).png;0
image1(417).png;0
image1(418).png;0
image1(419).png;0
image1(42).png;0
image1(420).png;0
image1(421).png;0
image1(422).png;0
image1(423).png;1
image1(424).png;1
image1(425).png;1
image1(426).png;1
image1(427).png;1
image1(428).png;1
image1(429).png;1
image1(43).png;1
image1(430).png;1
image1(431).png;1
image1(432).png;1
image1(433).png;0
image1(434).png;0
image1(435).png;0
image1(436).png;0
image1(437).png;1
image1(438).png;0
image1(439).png;0
image1(44).png;1
image1(440).png;0
image1(441).png;0
image1(442).png;0
image1(443).png;0
image1(444).png;0
image1(445).png;0
image1(446).png;0
image1(447).png;0
image1(448).png;0
image1(449).png;0
image1(45).png;1
image1(450).png;0
image1(451).png;0
image1(452).png;0
image1(453).png;0
image1(454).png;0
image1(455).png;0
image1(456).png;0
image1(457).png;0
image1(458).png;0
image1(459).png;0
image1(46).png;1
image1(460).png;0
image1(461).png;0
image1(462).png;0
image1(463).png;0
image1(464).png;0
image1(465).png;0
image1(466).png;0
image1(467).png;0
image1(468).png;0
image1(469).png;0
image1(47).png;1
image1(470).png;0
image1(471).png;0
image1(472).png;0
image1(473).png;0
image1(474).png;0
image1(475).png;0
image1(476).png;0
image1(477).png;0
image1(478).png;0
image1(479).png;1
image1(48).png;1
image1(480).png;0
image1(481).png;0
image1(482).png;0
image1(483).png;0
image1(484).png;0
image1(485).png;0
image1(486).png;0
image1(487).png;0
image1(488).png;0
image1(489).png;0
image1(49).png;1
image1(490).png;0
image1(491).png;0
image1(492).png;0
image1(493).png;0
image1(494).png;1
image1(495).png;0
image1(496).png;0
image1(497).png;0
image1(498).png;0
image1(499).png;0
image1(5).png;1
image1(50).png;1
image1(500).png;0
image1(501).png;0
image1(502).png;0
image1(503).png;0
image1(504).png;0
image1(505).png;0
image1(506).png;0
image1(507).png;0
image1(508).png;0
image1(509).png;0
image1(51).png;1
image1(510).png;0
image1(511).png;0
image1(512).png;0
image1(513).png;0
image1(514).png;0
image1(515).png;0
image1(516).png;0
image1(517).png;0
image1(518).png;0
image1(519).png;0
image1(52).png;1
image1(520).png;0
image1(521).png;0
image1(522).png;0
image1(523).png;0
image1(524).png;0
image1(525).png;0
image1(526).png;0
image1(527).png;0
image1(528).png;0
image1(529).png;0
image1(53).png;1
image1(530).png;0
image1(531).png;0
image1(532).png;0
image1(533).png;0
image1(534).png;0
image1(535).png;0
image1(536).png;0
image1(537).png;0
image1(538).png;0
image1(539).png;0
image1(54).png;1
image1(540).png;0
image1(541).png;0
image1(542).png;0
image1(543).png;0
image1(544).png;0
image1(545).png;0
image1(546).png;0
image1(547).png;0
image1(548).png;0
image1(549).png;0
image1(55).png;1
image1(550).png;0
image1(551).png;0
image1(552).png;0
image1(553).png;0
image1(554).png;0
image1(555).png;0
image1(556).png;0
image1(557).png;0
image1(558).png;0
image1(559).png;0
image1(56).png;1
image1(560).png;0
image1(561).png;0
image1(562).png;0
image1(563).png;0
image1(564).png;0
image1(565).png;0
image1(566).png;0
image1(567).png;0
image1(568).png;0
image1(569).png;0
image1(57).png;1
image1(570).png;0
image1(571).png;0
image1(572).png;0
image1(573).png;0
image1(574).png;0
image1(575).png;0
image1(576).png;1
image1(577).png;1
image1(578).png;0
image1(579).png;1
image1(58).png;1
image1(580).png;1
image1(581).png;1
image1(582).png;0
image1(583).png;0
image1(584).png;0
image1(585).png;0
image1(586).png;0
image1(587).png;0
image1(588).png;0
image1(589).png;0
image1(59).png;1
image1(590).png;0
image1(591).png;0
image1(592).png;1
image1(593).png;1
image1(594).png;0
image1(595).png;0
image1(596).png;0
image1(597).png;0
image1(598).png;0
image1(599).png;0
image1(6).png;1
image1(60).png;1
image1(600).png;0
image1(601).png;0
image1(602).png;0
image1(603).png;0
image1(604).png;0
image1(605).png;1
image1(606).png;1
image1(607).png;0
image1(608).png;0
image1(609).png;0
image1(61).png;1
image1(610).png;0
image1(611).png;0
image1(612).png;0
image1(613).png;0
image1(614).png;0
image1(615).png;0
image1(616).png;0
image1(617).png;0
image1(618).png;0
image1(619).png;0
image1(62).png;1
image1(620).png;0
image1(621).png;0
image1(622).png;0
image1(623).png;0
image1(624).png;0
image1(625).png;0
image1(626).png;0
image1(627).png;0
image1(628).png;0
image1(629).png;1
image1(63).png;1
image1(630).png;1
image1(631).png;0
image1(632).png;0
image1(633).png;0
image1(634).png;0
image1(635).png;0
image1(636).png;0
image1(637).png;0
image1(638).png;0
image1(639).png;0
image1(64).png;1
image1(640).png;0
image1(641).png;1
image1(642).png;0
image1(643).png;0
image1(644).png;0
image1(645).png;1
image1(646).png;0
image1(647).png;0
image1(648).png;0
image1(649).png;0
image1(65).png;1
image1(650).png;0
image1(651).png;0
image1(652).png;0
image1(653).png;0
image1(654).png;0
image1(655).png;0
image1(656).png;0
image1(657).png;1
image1(658).png;0
image1(659).png;1
image1(66).png;1
image1(660).png;0
image1(661).png;0
image1(662).png;0
image1(663).png;0
image1(664).png;0
image1(665).png;0
image1(666).png;1
image1(667).png;0
image1(668).png;1
image1(669).png;1
image1(67).png;1
image1(670).png;0
image1(671).png;0
image1(672).png;0
image1(673).png;0
image1(674).png;0
image1(675).png;1
image1(676).png;1
image1(677).png;1
image1(678).png;0
image1(679).png;0
image1(68).png;1
image1(680).png;0
image1(681).png;0
image1(682).png;0
image1(683).png;1
image1(684).png;0
image1(685).png;0
image1(686).png;0
image1(687).png;0
image1(688).png;0
image1(689).png;0
image1(69).png;1
image1(690).png;1
image1(691).png;1
image1(692).png;0
image1(693).png;0
image1(694).png;0
image1(695).png;0
image1(696).png;0
image1(697).png;0
image1(698).png;0
image1(699).png;0
image1(7).png;0
image1(70).png;1
image1(700).png;0
image1(701).png;0
image1(702).png;1
image1(703).png;0
image1(704).png;0
image1(705).png;0
image1(706).png;0
image1(707).png;0
image1(708).png;0
image1(709).png;1
image1(71).png;1
image1(710).png;0
image1(711).png;0
image1(712).png;0
image1(713).png;0
image1(714).png;0
image1(715).png;0
image1(716).png;0
image1(717).png;0
image1(718).png;0
image1(719).png;0
image1(72).png;1
image1(720).png;0
image1(721).png;0
image1(722).png;0
image1(723).png;0
image1(724).png;0
image1(725).png;0
image1(726).png;0
image1(727).png;0
image1(728).png;0
image1(729).png;0
image1(73).png;1
image1(730).png;0
image1(731).png;0
image1(732).png;0
image1(733).png;0
image1(734).png;0
image1(735).png;0
image1(736).png;0
image1(737).png;0
image1(738).png;1
image1(739).png;1
image1(74).png;1
image1(740).png;1
image1(741).png;1
image1(742).png;1
image1(743).png;1
image1(744).png;1
image1(745).png;1
image1(746).png;1
image1(747).png;0
image1(748).png;0
image1(749).png;0
image1(75).png;1
image1(750).png;0
image1(751).png;1
image1(752).png;1
image1(753).png;0
image1(754).png;0
image1(755).png;0
image1(756).png;0
image1(757).png;0
image1(758).png;0
image1(759).png;0
image1(76).png;1
image1(760).png;0
image1(761).png;0
image1(762).png;0
image1(763).png;0
image1(764).png;0
image1(765).png;0
image1(766).png;0
image1(767).png;0
image1(768).png;0
image1(769).png;0
image1(77).png;1
image1(770).png;0
image1(771).png;0
image1(772).png;0
image1(773).png;0
image1(774).png;0
image1(775).png;0
image1(776).png;0
image1(777).png;0
image1(778).png;1
image1(779).png;0
image1(78).png;1
image1(780).png;1
image1(781).png;1
image1(782).png;1
image1(783).png;1
image1(784).png;0
image1(785).png;0
image1(786).png;1
image1(787).png;1
image1(788).png;0
image1(789).png;0
image1(79).png;1
image1(790).png;0
image1(791).png;1
image1(792).png;1
image1(793).png;1
image1(794).png;1
image1(795).png;1
image1(796).png;1
image1(797).png;1
image1(798).png;1
image1(799).png;1
image1(8).png;0
image1(80).png;1
image1(800).png;0
image1(801).png;1
image1(802).png;1
image1(803).png;1
image1(804).png;1
image1(805).png;1
image1(806).png;1
image1(807).png;1
image1(808).png;0
image1(809).png;0
image1(81).png;1
image1(810).png;0
image1(811).png;0
image1(812).png;0
image1(813).png;1
image1(814).png;0
image1(815).png;0
image1(816).png;0
image1(817).png;0
image1(818).png;0
image1(819).png;0
image1(82).png;1
image1(820).png;0
image1(821).png;0
image1(822).png;0
image1(823).png;0
image1(824).png;0
image1(825).png;0
image1(826).png;1
image1(827).png;1
image1(828).png;1
image1(829).png;1
image1(83).png;1
image1(830).png;0
image1(831).png;0
image1(832).png;0
image1(833).png;0
image1(834).png;0
image1(835).png;0
image1(836).png;1
image1(837).png;0
image1(838).png;0
image1(839).png;0
image1(84).png;1
image1(840).png;0
image1(841).png;0
image1(842).png;0
image1(843).png;0
image1(844).png;0
image1(845).png;0
image1(846).png;0
image1(847).png;0
image1(848).png;0
image1(849).png;0
image1(85).png;1
image1(850).png;0
image1(851).png;0
image1(852).png;0
image1(853).png;0
image1(854).png;0
image1(855).png;0
image1(856).png;0
image1(857).png;1
image1(858).png;1
image1(859).png;0
image1(86).png;1
image1(860).png;0
image1(861).png;0
image1(862).png;0
image1(863).png;0
image1(864).png;0
image1(865).png;0
image1(866).png;1
image1(867).png;1
image1(868).png;0
image1(869).png;0
image1(87).png;1
image1(870).png;0
image1(871).png;0
image1(872).png;0
image1(873).png;0
image1(874).png;0
image1(875).png;0
image1(876).png;0
image1(877).png;0
image1(878).png;0
image1(879).png;0
image1(88).png;1
image1(880).png;0
image1(881).png;0
image1(882).png;1
image1(883).png;1
image1(884).png;0
image1(885).png;0
image1(886).png;0
image1(887).png;0
image1(888).png;0
image1(889).png;0
image1(89).png;1
image1(890).png;0
image1(891).png;1
image1(892).png;1
image1(893).png;1
image1(894).png;0
image1(895).png;0
image1(896).png;0
image1(897).png;0
image1(898).png;1
image1(899).png;1
image1(9).png;0
image1(90).png;1
image1(900).png;0
image1(901).png;0
image1(902).png;0
image1(903).png;0
image1(904).png;0
image1(905).png;0
image1(906).png;0
image1(907).png;0
image1(908).png;0
image1(909).png;0
image1(91).png;1
image1(910).png;0
image1(911).png;0
image1(912).png;0
image1(913).png;0
image1(914).png;0
image1(915).png;0
image1(916).png;1
image1(917).png;0
image1(918).png;0
image1(919).png;0
image1(92).png;1
image1(920).png;0
image1(921).png;1
image1(922).png;0
image1(923).png;0
image1(924).png;0
image1(925).png;0
image1(926).png;0
image1(927).png;0
image1(928).png;1
image1(929).png;1
image1(93).png;1
image1(930).png;1
image1(931).png;0
image1(932).png;1
image1(933).png;1
image1(934).png;1
image1(935).png;1
image1(936).png;0
image1(937).png;1
image1(938).png;1
image1(939).png;1
image1(94).png;1
image1(940).png;1
image1(941).png;0
image1(942).png;1
image1(943).png;1
image1(944).png;0
image1(945).png;0
image1(946).png;1
image1(947).png;1
image1(948).png;1
image1(949).png;1
image1(95).png;1
image1(950).png;1
image1(951).png;1
image1(952).png;1
image1(953).png;1
image1(954).png;1
image1(955).png;1
image1(956).png;0
image1(957).png;0
image1(958).png;0
image1(959).png;0
image1(96).png;1
image1(960).png;0
image1(961).png;0
image1(962).png;0
image1(963).png;0
image1(964).png;0
image1(965).png;0
image1(966).png;0
image1(967).png;0
image1(968).png;0
image1(969).png;0
image1(97).png;1
image1(970).png;0
image1(971).png;0
image1(972).png;0
image1(973).png;0
image1(974).png;0
image1(975).png;0
image1(976).png;0
image1(977).png;0
image1(978).png;0
image1(979).png;0
image1(98).png;1
image1(980).png;0
image1(981).png;0
image1(982).png;0
image1(983).png;0
image1(984).png;0
image1(985).png;0
image1(986).png;1
image1(987).png;1
image1(988).png;1
image1(989).png;0
image1(99).png;1
image1(990).png;0
image1(991).png;0
image1(992).png;1
image1(993).png;1
image1(994).png;1
image1(995).png;1
image1(996).png;1
image1(997).png;1
image1(998).png;1
image1(999).png;1
image2 (1).png;0
image2 (10).png;0
image2 (100).png;0
image2 (101).png;0
image2 (102).png;0
image2 (103).png;0
image2 (104).png;0
image2 (105).png;0
image2 (106).png;0
image2 (107).png;0
image2 (108).png;0
image2 (109).png;0
image2 (11).png;0
image2 (110).png;0
image2 (111).png;0
image2 (112).png;0
image2 (113).png;0
image2 (114).png;0
image2 (115).png;0
image2 (116).png;0
image2 (117).png;0
image2 (118).png;0
image2 (119).png;0
image2 (12).png;0
image2 (120).png;0
image2 (121).png;0
image2 (122).png;0
image2 (123).png;0
image2 (124).png;0
image2 (125).png;0
image2 (126).png;0
image2 (127).png;0
image2 (128).png;0
image2 (129).png;0
image2 (13).png;0
image2 (130).png;0
image2 (131).png;0
image2 (132).png;0
image2 (133).png;0
image2 (134).png;0
image2 (135).png;0
image2 (136).png;0
image2 (137).png;0
image2 (138).png;0
image2 (139).png;0
image2 (14).png;0
image2 (140).png;0
image2 (141).png;0
image2 (142).png;0
image2 (143).png;0
image2 (144).png;0
image2 (145).png;0
image2 (146).png;0
image2 (147).png;0
image2 (148).png;0
image2 (149).png;0
image2 (15).png;0
image2 (150).png;0
image2 (151).png;0
image2 (152).png;0
image2 (153).png;0
image2 (154).png;0
image2 (155).png;0
image2 (156).png;0
image2 (157).png;0
image2 (158).png;0
image2 (159).png;0
image2 (16).png;0
image2 (160).png;0
image2 (161).png;0
image2 (162).png;0
image2 (163).png;0
image2 (164).png;0
image2 (165).png;0
image2 (166).png;0
image2 (167).png;0
image2 (168).png;0
image2 (169).png;0
image2 (17).png;0
image2 (170).png;0
image2 (171).png;0
image2 (172).png;0
image2 (173).png;0
image2 (174).png;0
image2 (175).png;0
image2 (176).png;0
image2 (177).png;0
image2 (178).png;0
image2 (179).png;0
image2 (18).png;0
image2 (180).png;0
image2 (181).png;0
image2 (182).png;0
image2 (183).png;0
image2 (184).png;0
image2 (185).png;0
image2 (186).png;0
image2 (187).png;0
image2 (188).png;0
image2 (189).png;0
image2 (19).png;0
image2 (190).png;0
image2 (191).png;0
image2 (192).png;0
image2 (193).png;0
image2 (194).png;0
image2 (195).png;0
image2 (196).png;0
image2 (197).png;0
image2 (198).png;0
image2 (199).png;0
image2 (2).png;0
image2 (20).png;0
image2 (200).png;0
image2 (201).png;0
image2 (202).png;0
image2 (203).png;0
image2 (204).png;0
image2 (205).png;0
image2 (206).png;0
image2 (207).png;0
image2 (208).png;0
image2 (209).png;0
image2 (21).png;0
image2 (210).png;0
image2 (211).png;0
image2 (212).png;0
image2 (213).png;0
image2 (214).png;0
image2 (215).png;0
image2 (216).png;0
image2 (217).png;0
image2 (218).png;0
image2 (219).png;0
image2 (22).png;0
image2 (220).png;0
image2 (221).png;0
image2 (222).png;0
image2 (223).png;0
image2 (224).png;0
image2 (225).png;0
image2 (226).png;0
image2 (227).png;0
image2 (228).png;0
image2 (229).png;0
image2 (23).png;0
image2 (230).png;0
image2 (231).png;0
image2 (232).png;0
image2 (233).png;0
image2 (234).png;0
image2 (235).png;0
image2 (236).png;0
image2 (237).png;0
image2 (238).png;0
image2 (239).png;0
image2 (24).png;0
image2 (240).png;0
image2 (241).png;0
image2 (242).png;0
image2 (243).png;0
image2 (244).png;0
image2 (245).png;0
image2 (246).png;0
image2 (247).png;0
image2 (248).png;0
image2 (249).png;0
image2 (25).png;0
image2 (250).png;0
image2 (251).png;0
image2 (252).png;0
image2 (253).png;0
image2 (254).png;0
image2 (255).png;0
image2 (256).png;0
image2 (257).png;0
image2 (258).png;0
image2 (259).png;0
image2 (26).png;0
image2 (260).png;0
image2 (261).png;0
image2 (262).png;0
image2 (263).png;0
image2 (264).png;0
image2 (265).png;0
image2 (266).png;0
image2 (267).png;0
image2 (268).png;0
image2 (269).png;0
image2 (27).png;0
image2 (270).png;0
image2 (271).png;0
image2 (272).png;0
image2 (273).png;0
image2 (274).png;0
image2 (275).png;0
image2 (276).png;0
image2 (277).png;0
image2 (278).png;0
image2 (279).png;0
image2 (28).png;0
image2 (280).png;0
image2 (281).png;0
image2 (282).png;0
image2 (283).png;0
image2 (284).png;0
image2 (285).png;0
image2 (286).png;0
image2 (287).png;0
image2 (288).png;0
image2 (289).png;0
image2 (29).png;0
image2 (290).png;0
image2 (291).png;0
image2 (292).png;0
image2 (293).png;0
image2 (294).png;0
image2 (295).png;0
image2 (296).png;0
image2 (297).png;0
image2 (298).png;0
image2 (299).png;0
image2 (3).png;0
image2 (30).png;0
image2 (300).png;0
image2 (301).png;0
image2 (302).png;0
image2 (303).png;0
image2 (304).png;0
image2 (305).png;0
image2 (306).png;0
image2 (307).png;0
image2 (308).png;0
image2 (309).png;0
image2 (31).png;0
image2 (310).png;0
image2 (311).png;0
image2 (312).png;0
image2 (313).png;0
image2 (314).png;0
image2 (315).png;0
image2 (316).png;0
image2 (317).png;0
image2 (318).png;0
image2 (319).png;0
image2 (32).png;0
image2 (320).png;0
image2 (321).png;0
image2 (322).png;0
image2 (323).png;0
image2 (324).png;0
image2 (325).png;0
image2 (326).png;0
image2 (327).png;0
image2 (328).png;0
image2 (329).png;0
image2 (33).png;0
image2 (330).png;0
image2 (331).png;0
image2 (332).png;0
image2 (333).png;0
image2 (334).png;0
image2 (335).png;0
image2 (336).png;0
image2 (337).png;0
image2 (338).png;0
image2 (339).png;0
image2 (34).png;0
image2 (340).png;0
image2 (341).png;0
image2 (342).png;0
image2 (343).png;0
image2 (344).png;0
image2 (345).png;0
image2 (346).png;0
image2 (347).png;0
image2 (348).png;0
image2 (349).png;0
image2 (35).png;0
image2 (350).png;0
image2 (351).png;0
image2 (352).png;0
image2 (353).png;0
image2 (354).png;0
image2 (355).png;0
image2 (356).png;0
image2 (357).png;0
image2 (358).png;0
image2 (359).png;0
image2 (36).png;0
image2 (360).png;0
image2 (361).png;0
image2 (362).png;0
image2 (363).png;0
image2 (364).png;0
image2 (365).png;0
image2 (366).png;0
image2 (367).png;0
image2 (368).png;0
image2 (369).png;0
image2 (37).png;0
image2 (370).png;0
image2 (371).png;0
image2 (372).png;0
image2 (373).png;0
image2 (374).png;0
image2 (375).png;0
image2 (376).png;0
image2 (377).png;0
image2 (378).png;0
image2 (379).png;0
image2 (38).png;0
image2 (380).png;0
image2 (381).png;0
image2 (382).png;0
image2 (383).png;0
image2 (384).png;0
image2 (385).png;0
image2 (386).png;0
image2 (387).png;0
image2 (388).png;0
image2 (389).png;0
image2 (39).png;0
image2 (390).png;0
image2 (391).png;0
image2 (392).png;0
image2 (393).png;0
image2 (394).png;0
image2 (395).png;0
image2 (396).png;0
image2 (397).png;0
image2 (398).png;0
image2 (399).png;0
image2 (4).png;0
image2 (40).png;0
image2 (400).png;0
image2 (401).png;0
image2 (402).png;0
image2 (403).png;0
image2 (404).png;0
image2 (405).png;0
image2 (406).png;0
image2 (407).png;0
image2 (408).png;0
image2 (409).png;0
image2 (41).png;0
image2 (410).png;0
image2 (411).png;0
image2 (412).png;0
image2 (413).png;0
image2 (414).png;0
image2 (415).png;0
image2 (416).png;0
image2 (417).png;0
image2 (418).png;0
image2 (419).png;0
image2 (42).png;0
image2 (420).png;0
image2 (421).png;0
image2 (422).png;0
image2 (423).png;0
image2 (424).png;0
image2 (425).png;0
image2 (426).png;0
image2 (427).png;0
image2 (428).png;0
image2 (429).png;0
image2 (43).png;0
image2 (430).png;0
image2 (431).png;0
image2 (432).png;0
image2 (433).png;0
image2 (434).png;0
image2 (435).png;0
image2 (436).png;0
image2 (437).png;0
image2 (438).png;0
image2 (439).png;0
image2 (44).png;0
image2 (440).png;0
image2 (441).png;0
image2 (442).png;0
image2 (443).png;0
image2 (444).png;0
image2 (445).png;0
image2 (446).png;0
image2 (447).png;0
image2 (448).png;0
image2 (449).png;0
image2 (45).png;0
image2 (450).png;0
image2 (451).png;0
image2 (452).png;0
image2 (453).png;0
image2 (454).png;0
image2 (455).png;0
image2 (456).png;0
image2 (457).png;0
image2 (458).png;0
image2 (459).png;0
image2 (46).png;0
image2 (460).png;0
image2 (461).png;0
image2 (462).png;0
image2 (463).png;0
image2 (464).png;0
image2 (465).png;0
image2 (466).png;0
image2 (467).png;0
image2 (468).png;0
image2 (469).png;0
image2 (47).png;0
image2 (470).png;0
image2 (471).png;0
image2 (472).png;0
image2 (473).png;0
image2 (474).png;0
image2 (475).png;0
image2 (476).png;0
image2 (477).png;0
image2 (478).png;0
image2 (479).png;0
image2 (48).png;0
image2 (480).png;0
image2 (49).png;0
image2 (5).png;0
image2 (50).png;0
image2 (51).png;0
image2 (52).png;0
image2 (53).png;0
image2 (54).png;0
image2 (55).png;0
image2 (56).png;0
image2 (57).png;0
image2 (58).png;0
image2 (59).png;0
image2 (6).png;0
image2 (60).png;0
image2 (61).png;0
image2 (62).png;0
image2 (63).png;0
image2 (64).png;0
image2 (65).png;0
image2 (66).png;0
image2 (67).png;0
image2 (68).png;0
image2 (69).png;0
image2 (7).png;0
image2 (70).png;0
image2 (71).png;0
image2 (72).png;0
image2 (73).png;0
image2 (74).png;0
image2 (75).png;0
image2 (76).png;0
image2 (77).png;0
image2 (78).png;0
image2 (79).png;0
image2 (8).png;0
image2 (80).png;0
image2 (81).png;0
image2 (82).png;0
image2 (83).png;0
image2 (84).png;0
image2 (85).png;0
image2 (86).png;0
image2 (87).png;0
image2 (88).png;0
image2 (89).png;0
image2 (9).png;0
image2 (90).png;0
image2 (91).png;0
image2 (92).png;0
image2 (93).png;0
image2 (94).png;0
image2 (95).png;0
image2 (96).png;0
image2 (97).png;0
image2 (98).png;0
image2 (99).png;0
image3 (1).png;1
image3 (10).png;1
image3 (100).png;1
image3 (101).png;1
image3 (102).png;1
image3 (103).png;1
image3 (104).png;1
image3 (105).png;1
image3 (106).png;1
image3 (107).png;1
image3 (108).png;1
image3 (109).png;1
image3 (11).png;1
image3 (110).png;1
image3 (111).png;1
image3 (112).png;1
image3 (113).png;1
image3 (114).png;1
image3 (115).png;1
image3 (116).png;1
image3 (117).png;1
image3 (118).png;1
image3 (119).png;1
image3 (12).png;1
image3 (120).png;1
image3 (121).png;1
image3 (122).png;1
image3 (123).png;1
image3 (124).png;1
image3 (125).png;1
image3 (126).png;1
image3 (127).png;1
image3 (128).png;1
image3 (129).png;1
image3 (13).png;1
image3 (130).png;1
image3 (131).png;1
image3 (132).png;1
image3 (133).png;1
image3 (134).png;1
image3 (135).png;1
image3 (136).png;1
image3 (137).png;1
image3 (138).png;1
image3 (139).png;1
image3 (14).png;1
image3 (140).png;1
image3 (141).png;1
image3 (142).png;1
image3 (143).png;1
image3 (144).png;1
image3 (145).png;1
image3 (146).png;1
image3 (147).png;1
image3 (148).png;1
image3 (149).png;1
image3 (15).png;1
image3 (150).png;1
image3 (151).png;1
image3 (152).png;1
image3 (153).png;1
image3 (154).png;1
image3 (155).png;1
image3 (156).png;1
image3 (157).png;1
image3 (158).png;1
image3 (159).png;1
image3 (16).png;1
image3 (160).png;1
image3 (161).png;1
image3 (162).png;1
image3 (163).png;1
image3 (164).png;1
image3 (165).png;1
image3 (166).png;1
image3 (167).png;1
image3 (168).png;1
image3 (169).png;1
image3 (17).png;1
image3 (170).png;1
image3 (171).png;1
image3 (172).png;1
image3 (173).png;1
image3 (174).png;1
image3 (175).png;1
image3 (176).png;1
image3 (177).png;1
image3 (178).png;1
image3 (179).png;1
image3 (18).png;1
image3 (180).png;1
image3 (181).png;1
image3 (182).png;1
image3 (183).png;1
image3 (184).png;1
image3 (185).png;1
image3 (186).png;1
image3 (187).png;1
image3 (188).png;1
image3 (189).png;1
image3 (19).png;1
image3 (190).png;1
image3 (191).png;1
image3 (192).png;1
image3 (193).png;1
image3 (194).png;1
image3 (195).png;1
image3 (196).png;1
image3 (197).png;1
image3 (198).png;1
image3 (199).png;1
image3 (2).png;1
image3 (20).png;1
image3 (200).png;1
image3 (201).png;1
image3 (202).png;1
image3 (203).png;1
image3 (204).png;1
image3 (205).png;1
image3 (206).png;1
image3 (207).png;1
image3 (208).png;1
image3 (209).png;1
image3 (21).png;1
image3 (210).png;1
image3 (211).png;1
image3 (212).png;1
image3 (213).png;1
image3 (214).png;1
image3 (215).png;1
image3 (216).png;1
image3 (217).png;1
image3 (218).png;1
image3 (219).png;1
image3 (22).png;1
image3 (220).png;1
image3 (221).png;1
image3 (222).png;1
image3 (223).png;1
image3 (224).png;1
image3 (225).png;1
image3 (226).png;1
image3 (227).png;1
image3 (228).png;1
image3 (229).png;1
image3 (23).png;1
image3 (230).png;1
image3 (231).png;1
image3 (232).png;1
image3 (233).png;1
image3 (234).png;1
image3 (235).png;1
image3 (236).png;1
image3 (237).png;1
image3 (238).png;1
image3 (239).png;1
image3 (24).png;1
image3 (240).png;1
image3 (25).png;1
image3 (26).png;1
image3 (27).png;1
image3 (28).png;1
image3 (29).png;1
image3 (3).png;1
image3 (30).png;1
image3 (31).png;1
image3 (32).png;1
image3 (33).png;1
image3 (34).png;1
image3 (35).png;1
image3 (36).png;1
image3 (37).png;1
image3 (38).png;1
image3 (39).png;1
image3 (4).png;1
image3 (40).png;1
image3 (41).png;1
image3 (42).png;1
image3 (43).png;1
image3 (44).png;1
image3 (45).png;1
image3 (46).png;1
image3 (47).png;1
image3 (48).png;1
image3 (49).png;1
image3 (5).png;1
image3 (50).png;1
image3 (51).png;1
image3 (52).png;1
image3 (53).png;1
image3 (54).png;1
image3 (55).png;1
image3 (56).png;1
image3 (57).png;1
image3 (58).png;1
image3 (59).png;1
image3 (6).png;1
image3 (60).png;1
image3 (61).png;1
image3 (62).png;1
image3 (63).png;1
image3 (64).png;1
image3 (65).png;1
image3 (66).png;1
image3 (67).png;1
image3 (68).png;1
image3 (69).png;1
image3 (7).png;1
image3 (70).png;1
image3 (71).png;1
image3 (72).png;1
image3 (73).png;1
image3 (74).png;1
image3 (75).png;1
image3 (76).png;1
image3 (77).png;1
image3 (78).png;1
image3 (79).png;1
image3 (8).png;1
image3 (80).png;1
image3 (81).png;1
image3 (82).png;1
image3 (83).png;1
image3 (84).png;1
image3 (85).png;1
image3 (86).png;1
image3 (87).png;1
image3 (88).png;1
image3 (89).png;1
image3 (9).png;1
image3 (90).png;1
image3 (91).png;1
image3 (92).png;1
image3 (93).png;1
image3 (94).png;1
image3 (95).png;1
image3 (96).png;1
image3 (97).png;1
image3 (98).png;1
image3 (99).png;1
