image1(1).png;
image1(10).png;
image1(100).png;
image1(1000).png;
image1(1001).png;
image1(1002).png;
image1(1003).png;
image1(1004).png;
image1(1005).png;
image1(1006).png;
image1(1007).png;
image1(1008).png;
image1(1009).png;
image1(101).png;
image1(1010).png;
image1(1011).png;
image1(1012).png;
image1(1013).png;
image1(1014).png;
image1(1015).png;
image1(1016).png;
image1(1017).png;
image1(1018).png;
image1(1019).png;
image1(102).png;
image1(1020).png;
image1(1021).png;
image1(1022).png;
image1(1023).png;
image1(1024).png;
image1(1025).png;
image1(1026).png;
image1(1027).png;
image1(1028).png;
image1(1029).png;
image1(103).png;
image1(1030).png;
image1(1031).png;
image1(1032).png;
image1(1033).png;
image1(1034).png;
image1(1035).png;
image1(1036).png;
image1(1037).png;
image1(1038).png;
image1(1039).png;
image1(104).png;
image1(1040).png;
image1(1041).png;
image1(1042).png;
image1(1043).png;
image1(1044).png;
image1(1045).png;
image1(1046).png;
image1(1047).png;
image1(1048).png;
image1(1049).png;
image1(105).png;
image1(1050).png;
image1(1051).png;
image1(1052).png;
image1(1053).png;
image1(1054).png;
image1(1055).png;
image1(1056).png;
image1(1057).png;
image1(1058).png;
image1(1059).png;
image1(106).png;
image1(1060).png;
image1(1061).png;
image1(1062).png;
image1(1063).png;
image1(1064).png;
image1(1065).png;
image1(1066).png;
image1(1067).png;
image1(1068).png;
image1(1069).png;
image1(107).png;
image1(1070).png;
image1(1071).png;
image1(1072).png;
image1(1073).png;
image1(1074).png;
image1(1075).png;
image1(1076).png;
image1(1077).png;
image1(1078).png;
image1(1079).png;
image1(108).png;
image1(1080).png;
image1(1081).png;
image1(1082).png;
image1(1083).png;
image1(1084).png;
image1(1085).png;
image1(1086).png;
image1(1087).png;
image1(1088).png;
image1(1089).png;
image1(109).png;
image1(1090).png;
image1(1091).png;
image1(1092).png;
image1(1093).png;
image1(1094).png;
image1(1095).png;
image1(1096).png;
image1(1097).png;
image1(1098).png;
image1(1099).png;
image1(11).png;
image1(110).png;
image1(1100).png;
image1(1101).png;
image1(1102).png;
image1(1103).png;
image1(1104).png;
image1(1105).png;
image1(1106).png;
image1(1107).png;
image1(1108).png;
image1(1109).png;
image1(111).png;
image1(1110).png;
image1(1111).png;
image1(1112).png;
image1(1113).png;
image1(1114).png;
image1(1115).png;
image1(1116).png;
image1(1117).png;
image1(1118).png;
image1(1119).png;
image1(112).png;
image1(1120).png;
image1(1121).png;
image1(1122).png;
image1(1123).png;
image1(1124).png;
image1(1125).png;
image1(1126).png;
image1(1127).png;
image1(1128).png;
image1(1129).png;
image1(113).png;
image1(1130).png;
image1(1131).png;
image1(1132).png;
image1(1133).png;
image1(1134).png;
image1(1135).png;
image1(1136).png;
image1(1137).png;
image1(1138).png;
image1(1139).png;
image1(114).png;
image1(1140).png;
image1(1141).png;
image1(1142).png;
image1(1143).png;
image1(1144).png;
image1(1145).png;
image1(1146).png;
image1(1147).png;
image1(1148).png;
image1(1149).png;
image1(115).png;
image1(1150).png;
image1(1151).png;
image1(1152).png;
image1(1153).png;
image1(1154).png;
image1(1155).png;
image1(1156).png;
image1(1157).png;
image1(1158).png;
image1(1159).png;
image1(116).png;
image1(1160).png;
image1(1161).png;
image1(1162).png;
image1(1163).png;
image1(1164).png;
image1(1165).png;
image1(1166).png;
image1(1167).png;
image1(1168).png;
image1(1169).png;
image1(117).png;
image1(1170).png;
image1(1171).png;
image1(1172).png;
image1(1173).png;
image1(1174).png;
image1(1175).png;
image1(1176).png;
image1(1177).png;
image1(1178).png;
image1(1179).png;
image1(118).png;
image1(1180).png;
image1(1181).png;
image1(1182).png;
image1(1183).png;
image1(1184).png;
image1(1185).png;
image1(1186).png;
image1(1187).png;
image1(1188).png;
image1(1189).png;
image1(119).png;
image1(1190).png;
image1(1191).png;
image1(1192).png;
image1(1193).png;
image1(1194).png;
image1(1195).png;
image1(1196).png;
image1(1197).png;
image1(1198).png;
image1(1199).png;
image1(12).png;
image1(120).png;
image1(1200).png;
image1(1201).png;
image1(1202).png;
image1(1203).png;
image1(1204).png;
image1(1205).png;
image1(1206).png;
image1(1207).png;
image1(1208).png;
image1(1209).png;
image1(121).png;
image1(1210).png;
image1(1211).png;
image1(1212).png;
image1(1213).png;
image1(1214).png;
image1(1215).png;
image1(1216).png;
image1(1217).png;
image1(1218).png;
image1(1219).png;
image1(122).png;
image1(1220).png;
image1(1221).png;
image1(1222).png;
image1(1223).png;
image1(1224).png;
image1(1225).png;
image1(1226).png;
image1(1227).png;
image1(1228).png;
image1(1229).png;
image1(123).png;
image1(1230).png;
image1(1231).png;
image1(1232).png;
image1(1233).png;
image1(1234).png;
image1(1235).png;
image1(1236).png;
image1(1237).png;
image1(1238).png;
image1(1239).png;
image1(124).png;
image1(1240).png;
image1(1241).png;
image1(1242).png;
image1(1243).png;
image1(1244).png;
image1(1245).png;
image1(1246).png;
image1(1247).png;
image1(1248).png;
image1(1249).png;
image1(125).png;
image1(1250).png;
image1(1251).png;
image1(1252).png;
image1(1253).png;
image1(1254).png;
image1(1255).png;
image1(1256).png;
image1(1257).png;
image1(1258).png;
image1(1259).png;
image1(126).png;
image1(1260).png;
image1(1261).png;
image1(1262).png;
image1(1263).png;
image1(1264).png;
image1(1265).png;
image1(1266).png;
image1(1267).png;
image1(1268).png;
image1(1269).png;
image1(127).png;
image1(1270).png;
image1(1271).png;
image1(1272).png;
image1(1273).png;
image1(1274).png;
image1(1275).png;
image1(1276).png;
image1(1277).png;
image1(1278).png;
image1(1279).png;
image1(128).png;
image1(1280).png;
image1(1281).png;
image1(1282).png;
image1(1283).png;
image1(1284).png;
image1(1285).png;
image1(1286).png;
image1(1287).png;
image1(1288).png;
image1(1289).png;
image1(129).png;
image1(1290).png;
image1(1291).png;
image1(1292).png;
image1(1293).png;
image1(1294).png;
image1(1295).png;
image1(1296).png;
image1(1297).png;
image1(1298).png;
image1(1299).png;
image1(13).png;
image1(130).png;
image1(1300).png;
image1(1301).png;
image1(1302).png;
image1(1303).png;
image1(1304).png;
image1(1305).png;
image1(1306).png;
image1(1307).png;
image1(1308).png;
image1(1309).png;
image1(131).png;
image1(1310).png;
image1(1311).png;
image1(1312).png;
image1(1313).png;
image1(1314).png;
image1(1315).png;
image1(1316).png;
image1(1317).png;
image1(1318).png;
image1(1319).png;
image1(132).png;
image1(1320).png;
image1(1321).png;
image1(1322).png;
image1(1323).png;
image1(1324).png;
image1(1325).png;
image1(1326).png;
image1(1327).png;
image1(1328).png;
image1(1329).png;
image1(133).png;
image1(1330).png;
image1(1331).png;
image1(1332).png;
image1(1333).png;
image1(1334).png;
image1(1335).png;
image1(1336).png;
image1(1337).png;
image1(1338).png;
image1(1339).png;
image1(134).png;
image1(1340).png;
image1(1341).png;
image1(1342).png;
image1(1343).png;
image1(1344).png;
image1(1345).png;
image1(1346).png;
image1(1347).png;
image1(1348).png;
image1(1349).png;
image1(135).png;
image1(1350).png;
image1(1351).png;
image1(1352).png;
image1(1353).png;
image1(1354).png;
image1(1355).png;
image1(1356).png;
image1(1357).png;
image1(1358).png;
image1(1359).png;
image1(136).png;
image1(1360).png;
image1(1361).png;
image1(1362).png;
image1(1363).png;
image1(1364).png;
image1(1365).png;
image1(1366).png;
image1(1367).png;
image1(1368).png;
image1(1369).png;
image1(137).png;
image1(1370).png;
image1(1371).png;
image1(1372).png;
image1(1373).png;
image1(1374).png;
image1(1375).png;
image1(1376).png;
image1(1377).png;
image1(1378).png;
image1(1379).png;
image1(138).png;
image1(1380).png;
image1(1381).png;
image1(1382).png;
image1(1383).png;
image1(1384).png;
image1(1385).png;
image1(1386).png;
image1(1387).png;
image1(1388).png;
image1(1389).png;
image1(139).png;
image1(1390).png;
image1(1391).png;
image1(1392).png;
image1(1393).png;
image1(1394).png;
image1(1395).png;
image1(1396).png;
image1(1397).png;
image1(1398).png;
image1(1399).png;
image1(14).png;
image1(140).png;
image1(1400).png;
image1(1401).png;
image1(1402).png;
image1(1403).png;
image1(1404).png;
image1(1405).png;
image1(1406).png;
image1(1407).png;
image1(1408).png;
image1(1409).png;
image1(141).png;
image1(1410).png;
image1(1411).png;
image1(1412).png;
image1(1413).png;
image1(1414).png;
image1(1415).png;
image1(1416).png;
image1(1417).png;
image1(1418).png;
image1(1419).png;
image1(142).png;
image1(1420).png;
image1(1421).png;
image1(1422).png;
image1(1423).png;
image1(1424).png;
image1(1425).png;
image1(1426).png;
image1(1427).png;
image1(1428).png;
image1(1429).png;
image1(143).png;
image1(1430).png;
image1(1431).png;
image1(1432).png;
image1(1433).png;
image1(1434).png;
image1(1435).png;
image1(1436).png;
image1(1437).png;
image1(1438).png;
image1(1439).png;
image1(144).png;
image1(1440).png;
image1(1441).png;
image1(1442).png;
image1(1443).png;
image1(1444).png;
image1(1445).png;
image1(1446).png;
image1(1447).png;
image1(1448).png;
image1(1449).png;
image1(145).png;
image1(1450).png;
image1(1451).png;
image1(1452).png;
image1(1453).png;
image1(1454).png;
image1(1455).png;
image1(1456).png;
image1(1457).png;
image1(1458).png;
image1(1459).png;
image1(146).png;
image1(1460).png;
image1(1461).png;
image1(1462).png;
image1(1463).png;
image1(1464).png;
image1(1465).png;
image1(1466).png;
image1(1467).png;
image1(1468).png;
image1(1469).png;
image1(147).png;
image1(1470).png;
image1(1471).png;
image1(1472).png;
image1(1473).png;
image1(1474).png;
image1(1475).png;
image1(1476).png;
image1(1477).png;
image1(1478).png;
image1(1479).png;
image1(148).png;
image1(1480).png;
image1(1481).png;
image1(1482).png;
image1(1483).png;
image1(1484).png;
image1(1485).png;
image1(1486).png;
image1(1487).png;
image1(1488).png;
image1(1489).png;
image1(149).png;
image1(1490).png;
image1(1491).png;
image1(1492).png;
image1(1493).png;
image1(1494).png;
image1(1495).png;
image1(1496).png;
image1(1497).png;
image1(1498).png;
image1(1499).png;
image1(15).png;
image1(150).png;
image1(1500).png;
image1(1501).png;
image1(1502).png;
image1(1503).png;
image1(1504).png;
image1(1505).png;
image1(1506).png;
image1(1507).png;
image1(1508).png;
image1(1509).png;
image1(151).png;
image1(1510).png;
image1(1511).png;
image1(1512).png;
image1(1513).png;
image1(1514).png;
image1(1515).png;
image1(1516).png;
image1(1517).png;
image1(1518).png;
image1(1519).png;
image1(152).png;
image1(1520).png;
image1(1521).png;
image1(1522).png;
image1(1523).png;
image1(1524).png;
image1(1525).png;
image1(1526).png;
image1(1527).png;
image1(1528).png;
image1(1529).png;
image1(153).png;
image1(1530).png;
image1(1531).png;
image1(1532).png;
image1(1533).png;
image1(1534).png;
image1(1535).png;
image1(1536).png;
image1(1537).png;
image1(1538).png;
image1(1539).png;
image1(154).png;
image1(1540).png;
image1(1541).png;
image1(1542).png;
image1(1543).png;
image1(1544).png;
image1(1545).png;
image1(1546).png;
image1(1547).png;
image1(1548).png;
image1(1549).png;
image1(155).png;
image1(1550).png;
image1(1551).png;
image1(1552).png;
image1(1553).png;
image1(1554).png;
image1(1555).png;
image1(1556).png;
image1(1557).png;
image1(1558).png;
image1(1559).png;
image1(156).png;
image1(1560).png;
image1(1561).png;
image1(1562).png;
image1(1563).png;
image1(1564).png;
image1(1565).png;
image1(1566).png;
image1(1567).png;
image1(1568).png;
image1(1569).png;
image1(157).png;
image1(1570).png;
image1(1571).png;
image1(1572).png;
image1(1573).png;
image1(1574).png;
image1(1575).png;
image1(1576).png;
image1(1577).png;
image1(1578).png;
image1(1579).png;
image1(158).png;
image1(1580).png;
image1(1581).png;
image1(1582).png;
image1(1583).png;
image1(1584).png;
image1(1585).png;
image1(1586).png;
image1(1587).png;
image1(1588).png;
image1(1589).png;
image1(159).png;
image1(1590).png;
image1(1591).png;
image1(1592).png;
image1(1593).png;
image1(1594).png;
image1(1595).png;
image1(1596).png;
image1(1597).png;
image1(1598).png;
image1(1599).png;
image1(16).png;
image1(160).png;
image1(1600).png;
image1(1601).png;
image1(1602).png;
image1(1603).png;
image1(1604).png;
image1(1605).png;
image1(1606).png;
image1(1607).png;
image1(1608).png;
image1(1609).png;
image1(161).png;
image1(1610).png;
image1(1611).png;
image1(1612).png;
image1(1613).png;
image1(1614).png;
image1(1615).png;
image1(1616).png;
image1(1617).png;
image1(1618).png;
image1(1619).png;
image1(162).png;
image1(1620).png;
image1(1621).png;
image1(1622).png;
image1(1623).png;
image1(1624).png;
image1(1625).png;
image1(1626).png;
image1(1627).png;
image1(1628).png;
image1(1629).png;
image1(163).png;
image1(1630).png;
image1(1631).png;
image1(1632).png;
image1(1633).png;
image1(1634).png;
image1(1635).png;
image1(1636).png;
image1(1637).png;
image1(1638).png;
image1(1639).png;
image1(164).png;
image1(1640).png;
image1(1641).png;
image1(1642).png;
image1(1643).png;
image1(1644).png;
image1(1645).png;
image1(1646).png;
image1(1647).png;
image1(1648).png;
image1(1649).png;
image1(165).png;
image1(1650).png;
image1(1651).png;
image1(1652).png;
image1(1653).png;
image1(1654).png;
image1(1655).png;
image1(1656).png;
image1(1657).png;
image1(1658).png;
image1(1659).png;
image1(166).png;
image1(1660).png;
image1(1661).png;
image1(1662).png;
image1(1663).png;
image1(1664).png;
image1(1665).png;
image1(1666).png;
image1(1667).png;
image1(1668).png;
image1(1669).png;
image1(167).png;
image1(1670).png;
image1(1671).png;
image1(1672).png;
image1(1673).png;
image1(1674).png;
image1(1675).png;
image1(1676).png;
image1(1677).png;
image1(1678).png;
image1(1679).png;
image1(168).png;
image1(1680).png;
image1(1681).png;
image1(1682).png;
image1(1683).png;
image1(1684).png;
image1(1685).png;
image1(1686).png;
image1(1687).png;
image1(1688).png;
image1(1689).png;
image1(169).png;
image1(1690).png;
image1(1691).png;
image1(1692).png;
image1(1693).png;
image1(1694).png;
image1(1695).png;
image1(1696).png;
image1(1697).png;
image1(1698).png;
image1(1699).png;
image1(17).png;
image1(170).png;
image1(1700).png;
image1(1701).png;
image1(1702).png;
image1(1703).png;
image1(1704).png;
image1(1705).png;
image1(1706).png;
image1(1707).png;
image1(1708).png;
image1(1709).png;
image1(171).png;
image1(1710).png;
image1(1711).png;
image1(1712).png;
image1(1713).png;
image1(1714).png;
image1(1715).png;
image1(1716).png;
image1(1717).png;
image1(1718).png;
image1(1719).png;
image1(172).png;
image1(1720).png;
image1(1721).png;
image1(1722).png;
image1(1723).png;
image1(1724).png;
image1(1725).png;
image1(1726).png;
image1(1727).png;
image1(1728).png;
image1(1729).png;
image1(173).png;
image1(1730).png;
image1(1731).png;
image1(1732).png;
image1(1733).png;
image1(1734).png;
image1(1735).png;
image1(1736).png;
image1(1737).png;
image1(1738).png;
image1(1739).png;
image1(174).png;
image1(1740).png;
image1(1741).png;
image1(1742).png;
image1(1743).png;
image1(1744).png;
image1(1745).png;
image1(1746).png;
image1(1747).png;
image1(1748).png;
image1(1749).png;
image1(175).png;
image1(1750).png;
image1(1751).png;
image1(1752).png;
image1(1753).png;
image1(1754).png;
image1(1755).png;
image1(1756).png;
image1(1757).png;
image1(1758).png;
image1(1759).png;
image1(176).png;
image1(1760).png;
image1(1761).png;
image1(1762).png;
image1(1763).png;
image1(1764).png;
image1(1765).png;
image1(1766).png;
image1(1767).png;
image1(1768).png;
image1(1769).png;
image1(177).png;
image1(1770).png;
image1(1771).png;
image1(1772).png;
image1(1773).png;
image1(1774).png;
image1(1775).png;
image1(1776).png;
image1(1777).png;
image1(1778).png;
image1(1779).png;
image1(178).png;
image1(1780).png;
image1(1781).png;
image1(1782).png;
image1(1783).png;
image1(1784).png;
image1(1785).png;
image1(1786).png;
image1(1787).png;
image1(1788).png;
image1(1789).png;
image1(179).png;
image1(1790).png;
image1(1791).png;
image1(1792).png;
image1(1793).png;
image1(1794).png;
image1(1795).png;
image1(1796).png;
image1(1797).png;
image1(1798).png;
image1(1799).png;
image1(18).png;
image1(180).png;
image1(1800).png;
image1(1801).png;
image1(1802).png;
image1(1803).png;
image1(1804).png;
image1(1805).png;
image1(1806).png;
image1(1807).png;
image1(1808).png;
image1(1809).png;
image1(181).png;
image1(1810).png;
image1(1811).png;
image1(1812).png;
image1(1813).png;
image1(1814).png;
image1(1815).png;
image1(1816).png;
image1(1817).png;
image1(1818).png;
image1(1819).png;
image1(182).png;
image1(1820).png;
image1(1821).png;
image1(1822).png;
image1(1823).png;
image1(1824).png;
image1(1825).png;
image1(1826).png;
image1(1827).png;
image1(1828).png;
image1(1829).png;
image1(183).png;
image1(1830).png;
image1(1831).png;
image1(1832).png;
image1(1833).png;
image1(1834).png;
image1(1835).png;
image1(1836).png;
image1(1837).png;
image1(1838).png;
image1(1839).png;
image1(184).png;
image1(1840).png;
image1(1841).png;
image1(1842).png;
image1(1843).png;
image1(1844).png;
image1(1845).png;
image1(1846).png;
image1(1847).png;
image1(1848).png;
image1(1849).png;
image1(185).png;
image1(1850).png;
image1(1851).png;
image1(1852).png;
image1(1853).png;
image1(1854).png;
image1(1855).png;
image1(1856).png;
image1(1857).png;
image1(1858).png;
image1(1859).png;
image1(186).png;
image1(1860).png;
image1(1861).png;
image1(1862).png;
image1(1863).png;
image1(1864).png;
image1(1865).png;
image1(1866).png;
image1(1867).png;
image1(1868).png;
image1(1869).png;
image1(187).png;
image1(1870).png;
image1(1871).png;
image1(1872).png;
image1(1873).png;
image1(1874).png;
image1(1875).png;
image1(1876).png;
image1(1877).png;
image1(1878).png;
image1(1879).png;
image1(188).png;
image1(1880).png;
image1(1881).png;
image1(1882).png;
image1(1883).png;
image1(1884).png;
image1(1885).png;
image1(1886).png;
image1(1887).png;
image1(1888).png;
image1(1889).png;
image1(189).png;
image1(1890).png;
image1(1891).png;
image1(1892).png;
image1(1893).png;
image1(1894).png;
image1(1895).png;
image1(1896).png;
image1(1897).png;
image1(1898).png;
image1(1899).png;
image1(19).png;
image1(190).png;
image1(1900).png;
image1(1901).png;
image1(1902).png;
image1(1903).png;
image1(1904).png;
image1(1905).png;
image1(1906).png;
image1(1907).png;
image1(1908).png;
image1(1909).png;
image1(191).png;
image1(1910).png;
image1(1911).png;
image1(1912).png;
image1(1913).png;
image1(1914).png;
image1(1915).png;
image1(1916).png;
image1(1917).png;
image1(1918).png;
image1(1919).png;
image1(192).png;
image1(1920).png;
image1(1921).png;
image1(1922).png;
image1(1923).png;
image1(1924).png;
image1(1925).png;
image1(1926).png;
image1(1927).png;
image1(1928).png;
image1(1929).png;
image1(193).png;
image1(1930).png;
image1(1931).png;
image1(1932).png;
image1(1933).png;
image1(1934).png;
image1(1935).png;
image1(1936).png;
image1(1937).png;
image1(1938).png;
image1(1939).png;
image1(194).png;
image1(1940).png;
image1(1941).png;
image1(1942).png;
image1(1943).png;
image1(1944).png;
image1(1945).png;
image1(1946).png;
image1(1947).png;
image1(1948).png;
image1(1949).png;
image1(195).png;
image1(1950).png;
image1(1951).png;
image1(1952).png;
image1(1953).png;
image1(1954).png;
image1(1955).png;
image1(1956).png;
image1(1957).png;
image1(1958).png;
image1(1959).png;
image1(196).png;
image1(1960).png;
image1(1961).png;
image1(1962).png;
image1(1963).png;
image1(1964).png;
image1(1965).png;
image1(1966).png;
image1(1967).png;
image1(1968).png;
image1(1969).png;
image1(197).png;
image1(1970).png;
image1(1971).png;
image1(1972).png;
image1(1973).png;
image1(1974).png;
image1(1975).png;
image1(1976).png;
image1(1977).png;
image1(1978).png;
image1(1979).png;
image1(198).png;
image1(1980).png;
image1(1981).png;
image1(1982).png;
image1(1983).png;
image1(1984).png;
image1(1985).png;
image1(1986).png;
image1(1987).png;
image1(1988).png;
image1(1989).png;
image1(199).png;
image1(1990).png;
image1(1991).png;
image1(1992).png;
image1(1993).png;
image1(1994).png;
image1(1995).png;
image1(1996).png;
image1(1997).png;
image1(1998).png;
image1(1999).png;
image1(2).png;
image1(20).png;
image1(200).png;
image1(2000).png;
image1(201).png;
image1(202).png;
image1(203).png;
image1(204).png;
image1(205).png;
image1(206).png;
image1(207).png;
image1(208).png;
image1(209).png;
image1(21).png;
image1(210).png;
image1(211).png;
image1(212).png;
image1(213).png;
image1(214).png;
image1(215).png;
image1(216).png;
image1(217).png;
image1(218).png;
image1(219).png;
image1(22).png;
image1(220).png;
image1(221).png;
image1(222).png;
image1(223).png;
image1(224).png;
image1(225).png;
image1(226).png;
image1(227).png;
image1(228).png;
image1(229).png;
image1(23).png;
image1(230).png;
image1(231).png;
image1(232).png;
image1(233).png;
image1(234).png;
image1(235).png;
image1(236).png;
image1(237).png;
image1(238).png;
image1(239).png;
image1(24).png;
image1(240).png;
image1(241).png;
image1(242).png;
image1(243).png;
image1(244).png;
image1(245).png;
image1(246).png;
image1(247).png;
image1(248).png;
image1(249).png;
image1(25).png;
image1(250).png;
image1(251).png;
image1(252).png;
image1(253).png;
image1(254).png;
image1(255).png;
image1(256).png;
image1(257).png;
image1(258).png;
image1(259).png;
image1(26).png;
image1(260).png;
image1(261).png;
image1(262).png;
image1(263).png;
image1(264).png;
image1(265).png;
image1(266).png;
image1(267).png;
image1(268).png;
image1(269).png;
image1(27).png;
image1(270).png;
image1(271).png;
image1(272).png;
image1(273).png;
image1(274).png;
image1(275).png;
image1(276).png;
image1(277).png;
image1(278).png;
image1(279).png;
image1(28).png;
image1(280).png;
image1(281).png;
image1(282).png;
image1(283).png;
image1(284).png;
image1(285).png;
image1(286).png;
image1(287).png;
image1(288).png;
image1(289).png;
image1(29).png;
image1(290).png;
image1(291).png;
image1(292).png;
image1(293).png;
image1(294).png;
image1(295).png;
image1(296).png;
image1(297).png;
image1(298).png;
image1(299).png;
image1(3).png;
image1(30).png;
image1(300).png;
image1(301).png;
image1(302).png;
image1(303).png;
image1(304).png;
image1(305).png;
image1(306).png;
image1(307).png;
image1(308).png;
image1(309).png;
image1(31).png;
image1(310).png;
image1(311).png;
image1(312).png;
image1(313).png;
image1(314).png;
image1(315).png;
image1(316).png;
image1(317).png;
image1(318).png;
image1(319).png;
image1(32).png;
image1(320).png;
image1(321).png;
image1(322).png;
image1(323).png;
image1(324).png;
image1(325).png;
image1(326).png;
image1(327).png;
image1(328).png;
image1(329).png;
image1(33).png;
image1(330).png;
image1(331).png;
image1(332).png;
image1(333).png;
image1(334).png;
image1(335).png;
image1(336).png;
image1(337).png;
image1(338).png;
image1(339).png;
image1(34).png;
image1(340).png;
image1(341).png;
image1(342).png;
image1(343).png;
image1(344).png;
image1(345).png;
image1(346).png;
image1(347).png;
image1(348).png;
image1(349).png;
image1(35).png;
image1(350).png;
image1(351).png;
image1(352).png;
image1(353).png;
image1(354).png;
image1(355).png;
image1(356).png;
image1(357).png;
image1(358).png;
image1(359).png;
image1(36).png;
image1(360).png;
image1(361).png;
image1(362).png;
image1(363).png;
image1(364).png;
image1(365).png;
image1(366).png;
image1(367).png;
image1(368).png;
image1(369).png;
image1(37).png;
image1(370).png;
image1(371).png;
image1(372).png;
image1(373).png;
image1(374).png;
image1(375).png;
image1(376).png;
image1(377).png;
image1(378).png;
image1(379).png;
image1(38).png;
image1(380).png;
image1(381).png;
image1(382).png;
image1(383).png;
image1(384).png;
image1(385).png;
image1(386).png;
image1(387).png;
image1(388).png;
image1(389).png;
image1(39).png;
image1(390).png;
image1(391).png;
image1(392).png;
image1(393).png;
image1(394).png;
image1(395).png;
image1(396).png;
image1(397).png;
image1(398).png;
image1(399).png;
image1(4).png;
image1(40).png;
image1(400).png;
image1(401).png;
image1(402).png;
image1(403).png;
image1(404).png;
image1(405).png;
image1(406).png;
image1(407).png;
image1(408).png;
image1(409).png;
image1(41).png;
image1(410).png;
image1(411).png;
image1(412).png;
image1(413).png;
image1(414).png;
image1(415).png;
image1(416).png;
image1(417).png;
image1(418).png;
image1(419).png;
image1(42).png;
image1(420).png;
image1(421).png;
image1(422).png;
image1(423).png;
image1(424).png;
image1(425).png;
image1(426).png;
image1(427).png;
image1(428).png;
image1(429).png;
image1(43).png;
image1(430).png;
image1(431).png;
image1(432).png;
image1(433).png;
image1(434).png;
image1(435).png;
image1(436).png;
image1(437).png;
image1(438).png;
image1(439).png;
image1(44).png;
image1(440).png;
image1(441).png;
image1(442).png;
image1(443).png;
image1(444).png;
image1(445).png;
image1(446).png;
image1(447).png;
image1(448).png;
image1(449).png;
image1(45).png;
image1(450).png;
image1(451).png;
image1(452).png;
image1(453).png;
image1(454).png;
image1(455).png;
image1(456).png;
image1(457).png;
image1(458).png;
image1(459).png;
image1(46).png;
image1(460).png;
image1(461).png;
image1(462).png;
image1(463).png;
image1(464).png;
image1(465).png;
image1(466).png;
image1(467).png;
image1(468).png;
image1(469).png;
image1(47).png;
image1(470).png;
image1(471).png;
image1(472).png;
image1(473).png;
image1(474).png;
image1(475).png;
image1(476).png;
image1(477).png;
image1(478).png;
image1(479).png;
image1(48).png;
image1(480).png;
image1(481).png;
image1(482).png;
image1(483).png;
image1(484).png;
image1(485).png;
image1(486).png;
image1(487).png;
image1(488).png;
image1(489).png;
image1(49).png;
image1(490).png;
image1(491).png;
image1(492).png;
image1(493).png;
image1(494).png;
image1(495).png;
image1(496).png;
image1(497).png;
image1(498).png;
image1(499).png;
image1(5).png;
image1(50).png;
image1(500).png;
image1(501).png;
image1(502).png;
image1(503).png;
image1(504).png;
image1(505).png;
image1(506).png;
image1(507).png;
image1(508).png;
image1(509).png;
image1(51).png;
image1(510).png;
image1(511).png;
image1(512).png;
image1(513).png;
image1(514).png;
image1(515).png;
image1(516).png;
image1(517).png;
image1(518).png;
image1(519).png;
image1(52).png;
image1(520).png;
image1(521).png;
image1(522).png;
image1(523).png;
image1(524).png;
image1(525).png;
image1(526).png;
image1(527).png;
image1(528).png;
image1(529).png;
image1(53).png;
image1(530).png;
image1(531).png;
image1(532).png;
image1(533).png;
image1(534).png;
image1(535).png;
image1(536).png;
image1(537).png;
image1(538).png;
image1(539).png;
image1(54).png;
image1(540).png;
image1(541).png;
image1(542).png;
image1(543).png;
image1(544).png;
image1(545).png;
image1(546).png;
image1(547).png;
image1(548).png;
image1(549).png;
image1(55).png;
image1(550).png;
image1(551).png;
image1(552).png;
image1(553).png;
image1(554).png;
image1(555).png;
image1(556).png;
image1(557).png;
image1(558).png;
image1(559).png;
image1(56).png;
image1(560).png;
image1(561).png;
image1(562).png;
image1(563).png;
image1(564).png;
image1(565).png;
image1(566).png;
image1(567).png;
image1(568).png;
image1(569).png;
image1(57).png;
image1(570).png;
image1(571).png;
image1(572).png;
image1(573).png;
image1(574).png;
image1(575).png;
image1(576).png;
image1(577).png;
image1(578).png;
image1(579).png;
image1(58).png;
image1(580).png;
image1(581).png;
image1(582).png;
image1(583).png;
image1(584).png;
image1(585).png;
image1(586).png;
image1(587).png;
image1(588).png;
image1(589).png;
image1(59).png;
image1(590).png;
image1(591).png;
image1(592).png;
image1(593).png;
image1(594).png;
image1(595).png;
image1(596).png;
image1(597).png;
image1(598).png;
image1(599).png;
image1(6).png;
image1(60).png;
image1(600).png;
image1(601).png;
image1(602).png;
image1(603).png;
image1(604).png;
image1(605).png;
image1(606).png;
image1(607).png;
image1(608).png;
image1(609).png;
image1(61).png;
image1(610).png;
image1(611).png;
image1(612).png;
image1(613).png;
image1(614).png;
image1(615).png;
image1(616).png;
image1(617).png;
image1(618).png;
image1(619).png;
image1(62).png;
image1(620).png;
image1(621).png;
image1(622).png;
image1(623).png;
image1(624).png;
image1(625).png;
image1(626).png;
image1(627).png;
image1(628).png;
image1(629).png;
image1(63).png;
image1(630).png;
image1(631).png;
image1(632).png;
image1(633).png;
image1(634).png;
image1(635).png;
image1(636).png;
image1(637).png;
image1(638).png;
image1(639).png;
image1(64).png;
image1(640).png;
image1(641).png;
image1(642).png;
image1(643).png;
image1(644).png;
image1(645).png;
image1(646).png;
image1(647).png;
image1(648).png;
image1(649).png;
image1(65).png;
image1(650).png;
image1(651).png;
image1(652).png;
image1(653).png;
image1(654).png;
image1(655).png;
image1(656).png;
image1(657).png;
image1(658).png;
image1(659).png;
image1(66).png;
image1(660).png;
image1(661).png;
image1(662).png;
image1(663).png;
image1(664).png;
image1(665).png;
image1(666).png;
image1(667).png;
image1(668).png;
image1(669).png;
image1(67).png;
image1(670).png;
image1(671).png;
image1(672).png;
image1(673).png;
image1(674).png;
image1(675).png;
image1(676).png;
image1(677).png;
image1(678).png;
image1(679).png;
image1(68).png;
image1(680).png;
image1(681).png;
image1(682).png;
image1(683).png;
image1(684).png;
image1(685).png;
image1(686).png;
image1(687).png;
image1(688).png;
image1(689).png;
image1(69).png;
image1(690).png;
image1(691).png;
image1(692).png;
image1(693).png;
image1(694).png;
image1(695).png;
image1(696).png;
image1(697).png;
image1(698).png;
image1(699).png;
image1(7).png;
image1(70).png;
image1(700).png;
image1(701).png;
image1(702).png;
image1(703).png;
image1(704).png;
image1(705).png;
image1(706).png;
image1(707).png;
image1(708).png;
image1(709).png;
image1(71).png;
image1(710).png;
image1(711).png;
image1(712).png;
image1(713).png;
image1(714).png;
image1(715).png;
image1(716).png;
image1(717).png;
image1(718).png;
image1(719).png;
image1(72).png;
image1(720).png;
image1(721).png;
image1(722).png;
image1(723).png;
image1(724).png;
image1(725).png;
image1(726).png;
image1(727).png;
image1(728).png;
image1(729).png;
image1(73).png;
image1(730).png;
image1(731).png;
image1(732).png;
image1(733).png;
image1(734).png;
image1(735).png;
image1(736).png;
image1(737).png;
image1(738).png;
image1(739).png;
image1(74).png;
image1(740).png;
image1(741).png;
image1(742).png;
image1(743).png;
image1(744).png;
image1(745).png;
image1(746).png;
image1(747).png;
image1(748).png;
image1(749).png;
image1(75).png;
image1(750).png;
image1(751).png;
image1(752).png;
image1(753).png;
image1(754).png;
image1(755).png;
image1(756).png;
image1(757).png;
image1(758).png;
image1(759).png;
image1(76).png;
image1(760).png;
image1(761).png;
image1(762).png;
image1(763).png;
image1(764).png;
image1(765).png;
image1(766).png;
image1(767).png;
image1(768).png;
image1(769).png;
image1(77).png;
image1(770).png;
image1(771).png;
image1(772).png;
image1(773).png;
image1(774).png;
image1(775).png;
image1(776).png;
image1(777).png;
image1(778).png;
image1(779).png;
image1(78).png;
image1(780).png;
image1(781).png;
image1(782).png;
image1(783).png;
image1(784).png;
image1(785).png;
image1(786).png;
image1(787).png;
image1(788).png;
image1(789).png;
image1(79).png;
image1(790).png;
image1(791).png;
image1(792).png;
image1(793).png;
image1(794).png;
image1(795).png;
image1(796).png;
image1(797).png;
image1(798).png;
image1(799).png;
image1(8).png;
image1(80).png;
image1(800).png;
image1(801).png;
image1(802).png;
image1(803).png;
image1(804).png;
image1(805).png;
image1(806).png;
image1(807).png;
image1(808).png;
image1(809).png;
image1(81).png;
image1(810).png;
image1(811).png;
image1(812).png;
image1(813).png;
image1(814).png;
image1(815).png;
image1(816).png;
image1(817).png;
image1(818).png;
image1(819).png;
image1(82).png;
image1(820).png;
image1(821).png;
image1(822).png;
image1(823).png;
image1(824).png;
image1(825).png;
image1(826).png;
image1(827).png;
image1(828).png;
image1(829).png;
image1(83).png;
image1(830).png;
image1(831).png;
image1(832).png;
image1(833).png;
image1(834).png;
image1(835).png;
image1(836).png;
image1(837).png;
image1(838).png;
image1(839).png;
image1(84).png;
image1(840).png;
image1(841).png;
image1(842).png;
image1(843).png;
image1(844).png;
image1(845).png;
image1(846).png;
image1(847).png;
image1(848).png;
image1(849).png;
image1(85).png;
image1(850).png;
image1(851).png;
image1(852).png;
image1(853).png;
image1(854).png;
image1(855).png;
image1(856).png;
image1(857).png;
image1(858).png;
image1(859).png;
image1(86).png;
image1(860).png;
image1(861).png;
image1(862).png;
image1(863).png;
image1(864).png;
image1(865).png;
image1(866).png;
image1(867).png;
image1(868).png;
image1(869).png;
image1(87).png;
image1(870).png;
image1(871).png;
image1(872).png;
image1(873).png;
image1(874).png;
image1(875).png;
image1(876).png;
image1(877).png;
image1(878).png;
image1(879).png;
image1(88).png;
image1(880).png;
image1(881).png;
image1(882).png;
image1(883).png;
image1(884).png;
image1(885).png;
image1(886).png;
image1(887).png;
image1(888).png;
image1(889).png;
image1(89).png;
image1(890).png;
image1(891).png;
image1(892).png;
image1(893).png;
image1(894).png;
image1(895).png;
image1(896).png;
image1(897).png;
image1(898).png;
image1(899).png;
image1(9).png;
image1(90).png;
image1(900).png;
image1(901).png;
image1(902).png;
image1(903).png;
image1(904).png;
image1(905).png;
image1(906).png;
image1(907).png;
image1(908).png;
image1(909).png;
image1(91).png;
image1(910).png;
image1(911).png;
image1(912).png;
image1(913).png;
image1(914).png;
image1(915).png;
image1(916).png;
image1(917).png;
image1(918).png;
image1(919).png;
image1(92).png;
image1(920).png;
image1(921).png;
image1(922).png;
image1(923).png;
image1(924).png;
image1(925).png;
image1(926).png;
image1(927).png;
image1(928).png;
image1(929).png;
image1(93).png;
image1(930).png;
image1(931).png;
image1(932).png;
image1(933).png;
image1(934).png;
image1(935).png;
image1(936).png;
image1(937).png;
image1(938).png;
image1(939).png;
image1(94).png;
image1(940).png;
image1(941).png;
image1(942).png;
image1(943).png;
image1(944).png;
image1(945).png;
image1(946).png;
image1(947).png;
image1(948).png;
image1(949).png;
image1(95).png;
image1(950).png;
image1(951).png;
image1(952).png;
image1(953).png;
image1(954).png;
image1(955).png;
image1(956).png;
image1(957).png;
image1(958).png;
image1(959).png;
image1(96).png;
image1(960).png;
image1(961).png;
image1(962).png;
image1(963).png;
image1(964).png;
image1(965).png;
image1(966).png;
image1(967).png;
image1(968).png;
image1(969).png;
image1(97).png;
image1(970).png;
image1(971).png;
image1(972).png;
image1(973).png;
image1(974).png;
image1(975).png;
image1(976).png;
image1(977).png;
image1(978).png;
image1(979).png;
image1(98).png;
image1(980).png;
image1(981).png;
image1(982).png;
image1(983).png;
image1(984).png;
image1(985).png;
image1(986).png;
image1(987).png;
image1(988).png;
image1(989).png;
image1(99).png;
image1(990).png;
image1(991).png;
image1(992).png;
image1(993).png;
image1(994).png;
image1(995).png;
image1(996).png;
image1(997).png;
image1(998).png;
image1(999).png;
